state,year,fallow_other_than_current,current_fallow,total_fallow,net_area_sown,gross_cropped_area,area_sown_more_than_once,agricultural_land,cultivated_land,uncultivable_land,uncultivated_land,cropping_intensity,double_cropped_share,fallow_share,current_fallow_share,cultivated_land_share,uncultivated_share,net_area_sown_change,gross_cropped_area_change,agricultural_land_change,cultivated_land_change,fallow_change,net_area_sown_delta,gross_cropped_area_delta,agricultural_land_delta,cultivated_land_delta,fallow_delta,agricultural_land_from_baseline,net_area_sown_from_baseline,fallow_from_baseline,agricultural_land_3yr_mean,fallow_3yr_mean,cropping_intensity_3yr_mean
Andhra Pradesh,2015,832.0,1410.0,2242.0,6209.0,7532.0,1323.0,9018.0,7619.0,7278.0,8678.0,1.2130777903042014,0.21307779030436252,0.2486138833443947,0.15635395874915098,0.8448658239076463,0.9622976269681789,,,,,,,,,,,0.0,0.0,0.0,9018.0,2242.0,1.2130777903042014
Andhra Pradesh,2016,860.0,1496.0,2356.0,6077.0,7418.0,1341.0,9003.0,7573.0,7294.0,8724.0,1.2206680928087508,0.22066809280891544,0.2616905475952169,0.16616683327777781,0.8411640564255424,0.969010329889929,-0.021259462071187007,-0.015135422198619186,-0.001663339986693324,-0.006037537734610798,0.05084745762711873,-132.0,-114.0,-15.0,-46.0,114.0,-0.0016633399866930955,-0.021259462071183562,0.050847457627095964,9010.5,2299.0,1.216872941556476
Andhra Pradesh,2017,940.0,1443.0,2383.0,6048.0,7445.0,1397.0,8999.0,7490.0,7297.0,8807.0,1.2309854497352462,0.23098544973541152,0.2648072008000595,0.16035115012777415,0.8323147016334222,0.9786642960327837,-0.004772091492512787,0.0036397950930169287,-0.0004442963456625648,-0.010959989436154727,0.011460101867572181,-29.0,27.0,-4.0,-83.0,27.0,-0.002106897316477921,-0.025930101465610252,0.06289027653877659,9006.666666666666,2327.0,1.2215771109493996
Andhra Pradesh,2018,936.0,1446.0,2383.0,6049.0,7297.0,1248.0,8997.0,7495.0,7299.0,8802.0,1.2063150934036688,0.20631509340383428,0.2648660664665705,0.1607202400800088,0.8330554629319958,0.9783261087027921,0.00016534391534395176,-0.01987911349899263,-0.00022224691632399818,0.0006675567423231055,0.0,1.0,-148.0,-2.0,5.0,0.0,-0.0023286759813703336,-0.025769044934767952,0.06289027653877659,8999.666666666666,2374.0,1.2193228786492218
Andhra Pradesh,2019,926.0,1452.0,2377.0,5884.0,7287.0,1403.0,8828.0,7335.0,7305.0,8797.0,1.2384432358937392,0.23844323589390914,0.2692569098323211,0.16447666515630216,0.8308790212957826,0.9964884458539877,-0.027277235906761454,-0.0013704262025490133,-0.018784039124152496,-0.021347565043362215,-0.0025178346621904657,-165.0,-10.0,-169.0,-160.0,-6.0,-0.021068973164779212,-0.052343372523747406,0.06021409455840312,8941.333333333334,2381.0,1.225247926344218
Andhra Pradesh,2020,885.0,1460.0,2345.0,5915.0,7407.0,1492.0,8817.0,7375.0,7307.0,8749.0,1.2522400676244712,0.25224006762464035,0.2659634796415713,0.1655892026766286,0.836452308041189,0.9922876261765915,0.0052685248130524,0.016467682173733955,-0.0012460353420933323,0.005453306066802943,-0.013462347496844718,31.0,120.0,-11.0,40.0,-32.0,-0.022288755821687482,-0.047350620067636115,0.045941123996411266,8880.666666666666,2368.3333333333335,1.2323327989739596
Andhra Pradesh,2021,894.0,1499.0,2393.0,6038.0,7328.0,1290.0,8987.0,7537.0,7309.0,8759.0,1.213646902947795,0.21364690294796063,0.26627350617555734,0.16679648380992915,0.8386558362077624,0.9746300211415405,0.020794590025359216,-0.010665586607263355,0.01928093455823987,0.021966101694915308,0.020469083155650214,123.0,-79.0,170.0,162.0,48.0,-0.0034375693058323977,-0.02754066677403325,0.06735057983939904,8877.333333333334,2371.6666666666665,1.2347767354886685
Andhra Pradesh,2022,952.0,1745.0,2696.0,5725.0,6744.0,1019.0,8979.0,7470.0,7318.0,8827.0,1.17799126637534,0.17799126637551474,0.3002561532464305,0.19434235438242628,0.8319411961241974,0.9830716115379237,-0.051838357071878116,-0.07969432314410485,-0.0008901746967842072,-0.00888947857237632,0.12661930631007112,-313.0,-584.0,-8.0,-67.0,303.0,-0.004324683965402048,-0.07795136092767306,0.20249776984825937,8927.666666666666,2478.0,1.2146260789825354
Andhra Pradesh,2023,1035.0,2429.0,3464.0,4955.0,5744.0,788.0,8977.0,7384.0,7320.0,8913.0,1.1592330978806944,0.15903128153377213,0.38587501392443063,0.2705803720619059,0.8225465077419157,0.9928706694885827,-0.1344978165938865,-0.14827995255041515,-0.0002227419534469588,-0.011512717536813932,0.28486646884273004,-770.0,-1000.0,-2.0,-86.0,768.0,-0.004546462630294461,-0.20196488967624382,0.5450490633360637,8981.0,2851.0,1.1836237557346099
Andhra Pradesh,2024,1039.0,1460.0,2499.0,5914.0,6723.0,809.0,8969.0,7374.0,7327.0,8923.0,1.1367940480214513,0.13679404802162043,0.2786263797524497,0.1627829189430078,0.8221652358121505,0.9948712231016841,0.1935418768920283,0.17043871866295257,-0.000891166313913283,-0.001354279523293589,-0.2785796766743649,959.0,979.0,-8.0,-10.0,-965.0,-0.005433577289864112,-0.047511676598478415,0.11462979482599704,8975.0,2886.3333333333335,1.1580061374258286
Arunachal Pradesh,2015,64.0,36.0,100.0,227.0,301.0,75.0,423.0,262.0,6805.0,6966.0,1.3259911894214715,0.3303964757694696,0.2364066193847839,0.08510638297852222,0.6193853427881338,16.46808510634405,,,,,,,,,,,0.0,0.0,0.0,423.0,100.0,1.3259911894214715
Arunachal Pradesh,2016,62.0,33.0,96.0,232.0,313.0,81.0,423.0,265.0,6805.0,6963.0,1.3491379310286675,0.34913793103297786,0.22695035460939256,0.07801418439697869,0.6264775413696774,16.460992907762503,0.022026431718061623,0.039867109634551534,0.0,0.011450381679389388,-0.040000000000000036,5.0,12.0,0.0,3.0,-4.0,0.0,0.02202643171796464,-0.0399999999996,423.0,98.0,1.3375645602250694
Arunachal Pradesh,2017,62.0,34.0,96.0,233.0,316.0,84.0,424.0,267.0,6749.0,6906.0,1.3562231759598447,0.3605150214576802,0.22641509433908866,0.0801886792450939,0.6297169811305903,16.28773584901819,0.004310344827586299,0.009584664536741228,0.0023640661938533203,0.007547169811320753,0.0,1.0,3.0,1.0,2.0,0.0,0.002364066193847839,0.02643171806155757,-0.0399999999996,423.3333333333333,97.33333333333333,1.3437840988033278
Arunachal Pradesh,2018,61.0,33.0,95.0,234.0,320.0,86.0,424.0,267.0,6749.0,6905.0,1.3675213675155236,0.3675213675197969,0.22405660377305647,0.07783018867906172,0.6297169811305903,16.28537735845216,0.0042918454935623185,0.012658227848101333,0.0,0.0,-0.01041666666666663,1.0,4.0,0.0,0.0,-1.0,0.002364066193847839,0.030837004405150498,-0.0499999999995,423.6666666666667,95.66666666666667,1.3576274915013453
Arunachal Pradesh,2019,61.0,33.0,94.0,235.0,320.0,86.0,424.0,267.0,6723.0,6879.0,1.36170212765378,0.3659574468069534,0.2216981132070243,0.07783018867906172,0.6297169811305903,16.22405660373532,0.004273504273504258,0.0,0.0,0.0,-0.010526315789473717,1.0,0.0,0.0,0.0,-1.0,0.002364066193847839,0.03524229074874343,-0.0599999999994,424.0,95.0,1.3618155570430492
Arunachal Pradesh,2020,61.0,33.0,94.0,242.0,328.0,86.0,431.0,275.0,6723.0,6879.0,1.3553719008208456,0.3553719008249778,0.21809744779531764,0.07656612528984556,0.6380510440820463,15.960556844510533,0.029787234042553123,0.02499999999999991,0.01650943396226423,0.029962546816479474,0.0,7.0,8.0,7.0,8.0,0.0,0.018912529550782712,0.06607929515389392,-0.0599999999994,426.3333333333333,94.33333333333333,1.361531798663383
Arunachal Pradesh,2021,61.0,33.0,94.0,243.0,338.0,95.0,431.0,276.0,6723.0,6878.0,1.3909465020518892,0.39094650205600434,0.21809744779531764,0.07656612528984556,0.6403712296968901,15.95823665889569,0.004132231404958775,0.030487804878048808,0.0,0.0036363636363636598,0.0,1.0,10.0,0.0,1.0,0.0,0.018912529550782712,0.07048458149748686,-0.0599999999994,428.6666666666667,94.0,1.3693401768421716
Arunachal Pradesh,2022,57.0,33.0,90.0,253.0,343.0,90.0,431.0,286.0,6723.0,6868.0,1.355731225291084,0.35573122529503665,0.20881670533594243,0.07656612528984556,0.6635730858453281,15.935034802747252,0.04115226337448563,0.014792899408283988,0.0,0.03623188405797095,-0.04255319148936165,10.0,5.0,0.0,10.0,-4.0,0.018912529550782712,0.11453744493341614,-0.099999999999,431.0,92.66666666666667,1.3673498760546063
Arunachal Pradesh,2023,54.0,32.0,86.0,258.0,348.0,90.0,431.0,291.0,6723.0,6863.0,1.3488372092970975,0.3488372093009735,0.19953596287656722,0.07424593967500175,0.6751740139195471,15.923433874673032,0.01976284584980248,0.014577259475218707,0.0,0.0174825174825175,-0.0444444444444444,5.0,5.0,0.0,5.0,-4.0,0.018912529550782712,0.13656387665138078,-0.1399999999986,431.0,90.0,1.3651716455466902
Arunachal Pradesh,2024,52.0,32.0,84.0,264.0,354.0,90.0,431.0,296.0,6667.0,6803.0,1.3409090909040118,0.3409090909077996,0.19489559164687958,0.07424593967500175,0.6867749419937662,15.784222737782404,0.023255813953488413,0.01724137931034475,0.0,0.01718213058419238,-0.023255813953488413,6.0,6.0,0.0,5.0,-2.0,0.018912529550782712,0.16299559471293834,-0.1599999999984,431.0,86.66666666666667,1.348492508497398
Assam,2015,88.0,94.0,182.0,2801.0,4060.0,1258.0,3343.0,2896.0,4501.0,4948.0,1.4494823277395754,0.44912531238827236,0.0544421178581949,0.028118456476210554,0.8662877654798485,1.4801076877052108,,,,,,,,,,,0.0,0.0,0.0,3343.0,182.0,1.4494823277395754
Assam,2016,92.0,105.0,197.0,2774.0,4087.0,1314.0,3337.0,2879.0,4507.0,4965.0,1.473323720259022,0.473684210526145,0.059035061432406645,0.03146538807311014,0.8627509739284199,1.487863350314208,-0.009639414494823306,0.006650246305418772,-0.0017947950942267532,-0.005870165745856304,0.08241758241758235,-27.0,27.0,-6.0,-17.0,15.0,-0.0017947950942262055,-0.009639414494819837,0.08241758241712958,3340.0,189.5,1.4614030239992988
Assam,2017,93.0,106.0,199.0,2723.0,4045.0,1323.0,3302.0,2829.0,4542.0,5015.0,1.4854939405062484,0.48586118251910176,0.06026650514837666,0.03210175651119561,0.8567534827374752,1.5187764990909998,-0.018385003604902694,-0.010276486420357278,-0.010488462691039868,-0.017367141368530792,0.010152284263959421,-51.0,-42.0,-35.0,-50.0,2.0,-0.012264433143879072,-0.027847197429479525,0.0934065934060802,3327.3333333333335,192.66666666666666,1.469433329501615
Assam,2018,92.0,108.0,199.0,2723.0,4004.0,1281.0,3305.0,2831.0,4539.0,5013.0,1.4704370179943187,0.47043701799468585,0.060211800302553645,0.03267776096822007,0.8565809379725093,1.5167927382748814,0.0,-0.010135970333745359,0.0009085402786190855,0.0007069635913750094,0.0,0.0,-41.0,3.0,2.0,0.0,-0.01136703559676597,-0.027847197429479525,0.0934065934060802,3314.6666666666665,198.33333333333334,1.4764182262531964
Assam,2019,99.0,117.0,217.0,2699.0,3975.0,1275.0,3296.0,2817.0,4548.0,5027.0,1.472767691737135,0.4723971841420999,0.06583737864075673,0.03549757281552321,0.8546723300968281,1.5251820388344888,-0.00881380829966949,-0.007242757242757247,-0.002723146747352523,-0.00494524902861182,0.09045226130653261,-24.0,-29.0,-9.0,-14.0,18.0,-0.014059228238105277,-0.03641556586931938,0.1923076923066357,3301.0,205.0,1.4762328834125673
Assam,2020,94.0,114.0,208.0,2724.0,3888.0,1165.0,3295.0,2838.0,4536.0,4993.0,1.4273127753298724,0.4276798825255405,0.06312594840665763,0.03459787556903351,0.861305007586992,1.5153262518963535,0.009262689885142672,-0.021886792452830206,-0.00030339805825241317,0.007454739084131967,-0.04147465437788023,25.0,-87.0,-1.0,21.0,-9.0,-0.014358360753809644,-0.027490182077819534,0.14285714285635795,3298.6666666666665,208.0,1.4568391616871088
Assam,2021,96.0,114.0,210.0,2749.0,3872.0,1123.0,3321.0,2863.0,4510.0,4968.0,1.4085121862490328,0.40851218624939667,0.06323396567297103,0.0343270099367557,0.8620897320081716,1.4959349593491431,0.009177679882525602,-0.004115226337448541,0.007890743550834634,0.008809020436927328,0.009615384615384581,25.0,-16.0,26.0,25.0,2.0,-0.006580915345496087,-0.018564798286319684,0.15384615384530856,3304.0,211.66666666666666,1.4361975511053469
Assam,2022,96.0,112.0,208.0,2744.0,4034.0,1290.0,3315.0,2856.0,4515.0,4973.0,1.470116618075266,0.47011661807563043,0.06274509803919676,0.03378582202110595,0.8615384615382017,1.5001508295621417,-0.0018188432157147938,0.04183884297520657,-0.0018066847335139746,-0.0024449877750610804,-0.00952380952380949,-5.0,162.0,-6.0,-7.0,-2.0,-0.008375710439722293,-0.020349875044619655,0.14285714285635795,3310.3333333333335,208.66666666666666,1.4353138598847235
Assam,2023,93.0,107.0,200.0,2756.0,4122.0,1365.0,3312.0,2863.0,4517.0,4966.0,1.4956458635698493,0.49528301886774484,0.06038647342993346,0.0323067632850144,0.8644323671494974,1.4993961352652478,0.004373177842565523,0.02181457610312343,-0.0009049773755656076,0.002450980392156854,-0.038461538461538436,12.0,88.0,-3.0,7.0,-8.0,-0.009273107986835396,-0.016065690824699726,0.0989010989005555,3316.0,206.0,1.4580915559647163
Assam,2024,92.0,100.0,192.0,2759.0,4084.0,1325.0,3304.0,2859.0,4525.0,4970.0,1.4802464661103731,0.4802464661107357,0.05811138014526086,0.0302663438256567,0.865314769975525,1.504237288135138,0.0010885341074020616,-0.009218825812712272,-0.0024154589371980784,-0.0013971358714635063,-0.040000000000000036,3.0,-38.0,-8.0,-4.0,-8.0,-0.011666168112470336,-0.014994644769719744,0.054945054944753054,3310.3333333333335,200.0,1.4820029825851628
Bihar,2015,119.0,961.0,1081.0,5205.0,7572.0,2368.0,6578.0,6166.0,2782.0,3193.0,1.4547550432273861,0.45494716618627185,0.16433566433563934,0.146093037397363,0.9373669808450992,0.4854058984493029,,,,,,,,,,,0.0,0.0,0.0,6578.0,1081.0,1.4547550432273861
Bihar,2016,119.0,868.0,987.0,5293.0,7654.0,2361.0,6572.0,6161.0,2787.0,3199.0,1.4460608350649071,0.44606083506509614,0.15018259281799295,0.1320754716980931,0.9374619598294374,0.4867620206937786,0.016906820365033548,0.010829371368198615,-0.0009121313469139247,-0.0008108984755108573,-0.08695652173913049,88.0,82.0,-6.0,-5.0,-94.0,-0.0009121313469138168,0.016906820365030373,-0.08695652173905,6575.0,1034.0,1.4504079391461466
Bihar,2017,119.0,919.0,1038.0,5242.0,7525.0,2283.0,6573.0,6161.0,2787.0,3198.0,1.4355207935899588,0.4355207935901496,0.15791875855771215,0.13981439221053707,0.9373193366802164,0.4865358283887895,-0.009635367466465095,-0.016853932584269704,0.0001521606816798915,0.0,0.05167173252279644,-51.0,-129.0,1.0,0.0,51.0,-0.0007601094557615141,0.007108549471660498,-0.03977798334871436,6574.333333333333,1035.3333333333333,1.445445557294084
Bihar,2018,118.0,995.0,1113.0,5167.0,7406.0,2239.0,6573.0,6162.0,2787.0,3198.0,1.4333268821363587,0.43332688213655246,0.16932907348240234,0.15137684466755646,0.9374714742125456,0.4865358283887895,-0.014307516215185001,-0.015813953488372112,0.0,0.00016231131309862867,0.07225433526011571,-75.0,-119.0,0.0,1.0,75.0,-0.0007601094557615141,-0.007300672430354024,0.029602220166485105,6572.666666666667,1046.0,1.438302836930408
Bihar,2019,118.0,1069.0,1186.0,5077.0,7297.0,2220.0,6557.0,6146.0,2802.0,3214.0,1.4372661020284738,0.437266102028671,0.18087540033549168,0.16303187433274927,0.9373188958363676,0.49016318438302725,-0.017418231081865687,-0.014717796381312431,-0.002434200517267615,-0.0025965595585848433,0.06558849955076362,-90.0,-109.0,-16.0,-16.0,73.0,-0.0031924597141983592,-0.02459173871277145,0.09713228492127925,6567.666666666667,1112.3333333333333,1.435371259251597
Bihar,2020,173.0,1028.0,1202.0,5045.0,7265.0,2219.0,6541.0,6073.0,2819.0,3286.0,1.4400396432108145,0.4398414271555124,0.18376395046626146,0.1571625133771354,0.9284513071394391,0.5023696682463686,-0.006302934804018112,-0.004385363848156798,-0.0024401403080677175,-0.011877643996095033,0.013490725126475533,-32.0,-32.0,-16.0,-73.0,16.0,-0.005624809972635204,-0.03073967339096431,0.1119333950045218,6557.0,1167.0,1.4368775424585492
Bihar,2021,174.0,1003.0,1177.0,5070.0,7329.0,2258.0,6542.0,6073.0,2818.0,3286.0,1.4455621301772295,0.4453648915186498,0.1799143992662519,0.15331702843164882,0.9283093855088766,0.50229287679601,0.0049554013875123815,0.008809359944941475,0.00015288182235129177,0.0,-0.02079866888519133,25.0,64.0,1.0,0.0,-25.0,-0.005472788081482901,-0.02593659942362614,0.08880666049945532,6546.666666666667,1188.3333333333333,1.4409559584721727
Bihar,2022,176.0,961.0,1137.0,5113.0,7268.0,2155.0,6545.0,6074.0,2815.0,3286.0,1.4214746724033989,0.42147467240359443,0.17372039724978247,0.14682964094726556,0.928036669212998,0.502062643239037,0.008481262327416195,-0.008323100013644447,0.0004585753592174502,0.0001646632636258527,-0.03398470688190314,43.0,-61.0,3.0,1.0,-40.0,-0.005016722408025993,-0.01767531219980448,0.05180388529134893,6542.666666666667,1172.0,1.4356921485971477
Bihar,2023,156.0,784.0,940.0,5314.0,7836.0,2522.0,6548.0,6098.0,2811.0,3261.0,1.4745954083550104,0.4745954083551986,0.14355528405617843,0.11973121563834456,0.9312767257176341,0.4980146609651041,0.03931155877175829,0.07815079801871216,0.0004583651642475761,0.003951267698386607,-0.17326297273526825,201.0,568.0,3.0,24.0,-197.0,-0.004560656734569084,0.02094140249759444,-0.130434782608575,6545.0,1084.6666666666667,1.447210736978546
Bihar,2024,142.0,714.0,857.0,5412.0,8207.0,2795.0,6560.0,6126.0,2799.0,3233.0,1.5164449371763642,0.516444937176549,0.1306402439024191,0.10884146341461755,0.9338414634144917,0.4928353658535834,0.018441851712457602,0.04734558448187842,0.0018326206475258733,0.0045916693998031555,-0.08829787234042552,98.0,371.0,12.0,28.0,-83.0,-0.0027363940407414506,0.03976945244956008,-0.20721554116539573,6551.0,978.0,1.4708383393115911
Chandigarh,2015,0.0,0.0,0.0,1.0,1.0,0.0,1.0,1.0,6.0,6.0,0.9999999989999999,0.0,0.0,0.0,0.9999999989999999,5.9999999939999995,,,,,,,,,,,0.0,0.0,0.0,1.0,0.0,0.9999999989999999
Chandigarh,2016,0.0,0.0,0.0,1.0,1.0,0.0,1.0,1.0,6.0,6.0,0.9999999989999999,0.0,0.0,0.0,0.9999999989999999,5.9999999939999995,0.0,0.0,0.0,0.0,,0.0,0.0,0.0,0.0,0.0,0.0,0.0,0.0,1.0,0.0,0.9999999989999999
Chandigarh,2017,0.0,0.0,0.0,1.0,2.0,1.0,1.0,1.0,6.0,6.0,1.9999999979999998,0.9999999989999999,0.0,0.0,0.9999999989999999,5.9999999939999995,0.0,1.0,0.0,0.0,,0.0,1.0,0.0,0.0,0.0,0.0,0.0,0.0,1.0,0.0,1.3333333319999998
Chandigarh,2018,0.0,0.0,0.0,1.0,1.0,0.0,1.0,1.0,6.0,6.0,0.9999999989999999,0.0,0.0,0.0,0.9999999989999999,5.9999999939999995,0.0,-0.5,0.0,0.0,,0.0,-1.0,0.0,0.0,0.0,0.0,0.0,0.0,1.0,0.0,1.3333333319999998
Chandigarh,2019,0.0,0.0,0.0,1.0,3.0,1.0,1.0,1.0,8.0,8.0,2.9999999969999998,0.9999999989999999,0.0,0.0,0.9999999989999999,7.999999991999999,0.0,2.0,0.0,0.0,,0.0,2.0,0.0,0.0,0.0,0.0,0.0,0.0,1.0,0.0,1.9999999979999998
Chandigarh,2020,0.0,0.0,0.0,1.0,2.0,1.0,1.0,1.0,8.0,8.0,1.9999999979999998,0.9999999989999999,0.0,0.0,0.9999999989999999,7.999999991999999,0.0,-0.33333333333333337,0.0,0.0,,0.0,-1.0,0.0,0.0,0.0,0.0,0.0,0.0,1.0,0.0,1.9999999979999998
Chandigarh,2021,0.0,0.0,0.0,1.0,2.0,1.0,1.0,1.0,8.0,8.0,1.9999999979999998,0.9999999989999999,0.0,0.0,0.9999999989999999,7.999999991999999,0.0,0.0,0.0,0.0,,0.0,0.0,0.0,0.0,0.0,0.0,0.0,0.0,1.0,0.0,2.333333331
Chandigarh,2022,0.0,0.0,0.0,1.0,2.0,1.0,1.0,1.0,8.0,8.0,1.9999999979999998,0.9999999989999999,0.0,0.0,0.9999999989999999,7.999999991999999,0.0,0.0,0.0,0.0,,0.0,0.0,0.0,0.0,0.0,0.0,0.0,0.0,1.0,0.0,1.9999999979999998
Chandigarh,2023,0.0,0.0,0.0,1.0,1.0,0.0,1.0,1.0,8.0,8.0,0.9999999989999999,0.0,0.0,0.0,0.9999999989999999,7.999999991999999,0.0,-0.5,0.0,0.0,,0.0,-1.0,0.0,0.0,0.0,0.0,0.0,0.0,1.0,0.0,1.666666665
Chandigarh,2024,0.0,0.0,0.0,1.0,2.0,1.0,1.0,1.0,6.0,6.0,1.9999999979999998,0.9999999989999999,0.0,0.0,0.9999999989999999,5.9999999939999995,0.0,1.0,0.0,0.0,,0.0,1.0,0.0,0.0,0.0,0.0,0.0,0.0,1.0,0.0,1.666666665
Chhattisgarh,2015,263.0,281.0,545.0,4651.0,5640.0,989.0,5561.0,4932.0,8228.0,8858.0,1.2126424424852262,0.21264244248544126,0.09800395612298182,0.050530480129464025,0.8868908469698099,1.5928789786006845,,,,,,,,,,,0.0,0.0,0.0,5561.0,545.0,1.2126424424852262
Chhattisgarh,2016,257.0,273.0,530.0,4664.0,5673.0,1009.0,5558.0,4937.0,8232.0,8853.0,1.2163379073753824,0.21633790737559683,0.09535804246129985,0.049118387909311056,0.8882691615687498,1.5928391507733728,0.002795097828423909,0.005851063829787284,-0.0005394713181082755,0.0010137875101379201,-0.02752293577981646,13.0,33.0,-3.0,5.0,-15.0,-0.0005394713181081568,0.0027950978284233935,-0.027522935779766014,5559.5,537.5,1.2144901749303043
Chhattisgarh,2017,252.0,290.0,542.0,4653.0,5540.0,887.0,5562.0,4943.0,8228.0,8847.0,1.1906297012677431,0.19062970126795814,0.0974469615246139,0.05213951815892626,0.8887090974468017,1.5906148867311054,-0.002358490566037763,-0.023444385686585578,0.0007196833393305901,0.001215312943082747,0.02264150943396226,-11.0,-133.0,4.0,6.0,12.0,0.00017982377270271896,0.00043001505052667595,-0.005504587155953203,5560.333333333333,539.0,1.2065366837094507
Chhattisgarh,2018,256.0,266.0,522.0,4679.0,5614.0,934.0,5570.0,4945.0,8218.0,8843.0,1.1998290232953195,0.19961530241500328,0.09371633752242482,0.04775583482943487,0.8877917414720129,1.5876122082582427,0.005587792821835302,0.013357400722021628,0.0014383315354189463,0.0004046125834513692,-0.03690036900369009,26.0,74.0,8.0,2.0,-20.0,0.0016184139543244705,0.006020210707373463,-0.042201834862307885,5563.333333333333,531.3333333333334,1.2022655439794818
Chhattisgarh,2019,256.0,291.0,547.0,4635.0,5735.0,1099.0,5551.0,4926.0,8237.0,8862.0,1.2373247033438537,0.2371089536137568,0.09854080345881848,0.05242298684920691,0.8874076742927602,1.5964691046655382,-0.009403718743321243,0.02155325970787314,-0.003411131059245953,-0.003842264914054594,0.04789272030651337,-44.0,121.0,-19.0,-19.0,25.0,-0.0017982377270271896,-0.0034401204042134076,0.0036697247706354683,5561.0,537.0,1.2092611426356388
Chhattisgarh,2020,255.0,301.0,556.0,4623.0,5712.0,1090.0,5542.0,4923.0,8503.0,9121.0,1.2355613238154366,0.23577763357122303,0.10032479249366648,0.05431252255502448,0.8883074702271944,1.6457957416092301,-0.0025889967637540146,-0.004010462074978238,-0.0016213294901818998,-0.0006090133982947776,0.01645338208409508,-12.0,-23.0,-9.0,-3.0,9.0,-0.00341665168135166,-0.006020210707373463,0.020183486238495075,5554.333333333333,541.6666666666666,1.2242383501515366
Chhattisgarh,2021,256.0,280.0,535.0,4631.0,5704.0,1073.0,5552.0,4911.0,8538.0,9180.0,1.2316994169723101,0.23169941697252605,0.09636167146972327,0.05043227665705143,0.8845461095099271,1.6534582132561861,0.0017304780445597245,-0.0014005602240896309,0.0018044027426922238,-0.0024375380865325758,-0.03776978417266186,8.0,-8.0,10.0,-12.0,-21.0,-0.0016184139543244705,-0.004300150505266759,-0.018348623853177343,5548.333333333333,546.0,1.2348618147105335
Chhattisgarh,2022,269.0,311.0,580.0,4592.0,5596.0,1003.0,5556.0,4903.0,8573.0,9226.0,1.2186411149823129,0.21842334494768761,0.10439164866808776,0.055975521958233264,0.8824694024476453,1.6605471562272027,-0.008421507233858816,-0.018934081346423604,0.0007204610951008217,-0.0016289961311342083,0.08411214953271018,-39.0,-108.0,4.0,-8.0,45.0,-0.0008991188635135948,-0.01268544399053694,0.0642201834861207,5550.0,557.0,1.2286339519233531
Chhattisgarh,2023,255.0,297.0,552.0,4616.0,5524.0,907.0,5554.0,4913.0,8578.0,9219.0,1.196707105718978,0.19649046793756572,0.09938782859198786,0.05347497299242825,0.8845876845515152,1.6598847677346669,0.005226480836237002,-0.012866333095067906,-0.0003599712023037993,0.0020395676116662376,-0.0482758620689655,24.0,-72.0,-2.0,10.0,-28.0,-0.0012587664089190327,-0.007525263384216829,0.01284403669722414,5554.0,555.6666666666666,1.2156825458912002
Chhattisgarh,2024,263.0,287.0,550.0,4624.0,5543.0,919.0,5564.0,4910.0,8563.0,9217.0,1.198745674740225,0.19874567474044144,0.09884974838244089,0.051581595974110064,0.882458662832336,1.6565420560744686,0.0017331022530329143,0.00343953656770446,0.001800504141159509,-0.0006106248727865138,-0.0036231884057971175,8.0,19.0,10.0,-3.0,-2.0,0.0005394713181081568,-0.005805203182110125,0.009174311926588671,5558.0,560.6666666666666,1.204697965147172
Dadra & Nagar Haveli,2015,2.0,2.0,4.0,19.0,23.0,5.0,24.0,21.0,25.0,28.0,1.2105263157257617,0.26315789472299167,0.1666666666597222,0.0833333333298611,0.8749999999635417,1.1666666666180556,,,,,,,,,,,0.0,0.0,0.0,24.0,4.0,1.2105263157257617
Dadra & Nagar Haveli,2016,2.0,2.0,5.0,19.0,23.0,4.0,24.0,21.0,25.0,28.0,1.2105263157257617,0.21052631577839334,0.2083333333246528,0.0833333333298611,0.8749999999635417,1.1666666666180556,0.0,0.0,0.0,0.0,0.25,0.0,0.0,0.0,0.0,1.0,0.0,0.0,0.2499999999375,24.0,4.5,1.2105263157257617
Dadra & Nagar Haveli,2017,2.0,2.0,4.0,19.0,23.0,4.0,24.0,21.0,25.0,28.0,1.2105263157257617,0.21052631577839334,0.1666666666597222,0.0833333333298611,0.8749999999635417,1.1666666666180556,0.0,0.0,0.0,0.0,-0.19999999999999996,0.0,0.0,0.0,0.0,-1.0,0.0,0.0,0.0,24.0,4.333333333333333,1.2105263157257617
Dadra & Nagar Haveli,2018,0.0,0.0,0.0,20.0,20.0,0.0,20.0,20.0,24.0,24.0,0.99999999995,0.0,0.0,0.0,0.99999999995,1.19999999994,0.05263157894736836,-0.13043478260869568,-0.16666666666666663,-0.04761904761904767,-1.0,1.0,-3.0,-4.0,-1.0,-4.0,-0.1666666666597222,0.052631578944598335,-0.99999999975,22.666666666666668,3.0,1.140350877133841
Daman & Diu,2015,0.0,0.0,0.0,3.0,3.0,0.0,3.0,3.0,0.0,0.0,0.9999999996666666,0.0,0.0,0.0,0.9999999996666666,0.0,,,,,,,,,,,0.0,0.0,0.0,3.0,0.0,0.9999999996666666
Daman & Diu,2016,0.0,0.0,0.0,3.0,3.0,0.0,3.0,3.0,0.0,0.0,0.9999999996666666,0.0,0.0,0.0,0.9999999996666666,0.0,0.0,0.0,0.0,0.0,,0.0,0.0,0.0,0.0,0.0,0.0,0.0,0.0,3.0,0.0,0.9999999996666666
Daman & Diu,2017,0.0,0.0,0.0,3.0,3.0,0.0,3.0,3.0,0.0,0.0,0.9999999996666666,0.0,0.0,0.0,0.9999999996666666,0.0,0.0,0.0,0.0,0.0,,0.0,0.0,0.0,0.0,0.0,0.0,0.0,0.0,3.0,0.0,0.9999999996666666
Daman & Diu,2018,0.0,0.0,0.0,3.0,3.0,0.0,3.0,3.0,0.0,0.0,0.9999999996666666,0.0,0.0,0.0,0.9999999996666666,0.0,0.0,0.0,0.0,0.0,,0.0,0.0,0.0,0.0,0.0,0.0,0.0,0.0,3.0,0.0,0.9999999996666666
Delhi,2015,8.0,12.0,20.0,22.0,58.0,37.0,53.0,34.0,95.0,114.0,2.6363636362438014,1.6818181817417355,0.3773584905589178,0.22641509433535068,0.6415094339501602,2.1509433961858315,,,,,,,,,,,0.0,0.0,0.0,53.0,20.0,2.6363636362438014
Delhi,2016,8.0,12.0,20.0,22.0,57.0,35.0,53.0,34.0,95.0,114.0,2.5909090907913224,1.590909090836777,0.3773584905589178,0.22641509433535068,0.6415094339501602,2.1509433961858315,0.0,-0.017241379310344862,0.0,0.0,0.0,0.0,-1.0,0.0,0.0,0.0,0.0,0.0,0.0,53.0,20.0,2.613636363517562
Delhi,2017,8.0,12.0,20.0,22.0,59.0,37.0,53.0,34.0,95.0,114.0,2.681818181696281,1.6818181817417355,0.3773584905589178,0.22641509433535068,0.6415094339501602,2.1509433961858315,0.0,0.03508771929824572,0.0,0.0,0.0,0.0,2.0,0.0,0.0,0.0,0.0,0.0,0.0,53.0,20.0,2.6363636362438014
Delhi,2018,8.0,12.0,20.0,22.0,59.0,37.0,53.0,34.0,95.0,114.0,2.681818181696281,1.6818181817417355,0.3773584905589178,0.22641509433535068,0.6415094339501602,2.1509433961858315,0.0,0.0,0.0,0.0,0.0,0.0,0.0,0.0,0.0,0.0,0.0,0.0,0.0,53.0,20.0,2.6515151513946282
Delhi,2020,8.0,12.0,20.0,22.0,58.0,37.0,53.0,34.0,113.0,132.0,2.6363636362438014,1.6818181817417355,0.3773584905589178,0.22641509433535068,0.6415094339501602,2.490566037688857,0.0,-0.016949152542372836,0.0,0.0,0.0,0.0,-1.0,0.0,0.0,0.0,0.0,0.0,0.0,53.0,20.0,2.6666666665454546
Delhi,2024,19.0,0.0,19.0,28.0,47.0,19.0,58.0,28.0,93.0,123.0,1.6785714285114797,0.6785714285471939,0.32758620689090373,0.0,0.4827586206813318,2.1206896551358505,0.2727272727272727,-0.18965517241379315,0.09433962264150941,-0.17647058823529416,-0.050000000000000044,6.0,-11.0,5.0,-6.0,-1.0,0.09433962263972945,0.272727272714876,-0.0499999999975,54.666666666666664,19.666666666666668,2.332251082150521
Goa,2020,4.0,5.0,8.0,126.0,144.0,18.0,140.0,131.0,221.0,230.0,1.1428571428480725,0.14285714285600906,0.05714285714244898,0.03571428571403062,0.9357142857076021,1.6428571428454082,,,,,,,,,,,0.0,0.0,0.0,140.0,8.0,1.1428571428480725
Goa,2021,4.0,5.0,8.0,127.0,144.0,18.0,141.0,131.0,221.0,230.0,1.1338582677076074,0.14173228346345093,0.05673758865207988,0.03546099290754993,0.929078014177808,1.6312056737472966,0.007936507936507908,0.0,0.0071428571428571175,0.0,0.0,1.0,0.0,1.0,0.0,0.0,0.007142857142806123,0.007936507936444948,0.0,140.5,8.0,1.13835770527784
Goa,2022,4.0,5.0,8.0,126.0,144.0,18.0,139.0,130.0,221.0,230.0,1.1428571428480725,0.14285714285600906,0.05755395683411832,0.03597122302132395,0.9352517985544228,1.6546762589809016,-0.007874015748031482,0.0,-0.014184397163120588,-0.007633587786259555,0.0,-1.0,0.0,-2.0,-1.0,0.0,-0.007142857142806123,0.0,0.0,140.0,8.0,1.1398575178012509
Goa,2023,4.0,5.0,8.0,127.0,145.0,19.0,141.0,131.0,220.0,229.0,1.141732283455577,0.1496062992114204,0.05673758865207988,0.03546099290754993,0.929078014177808,1.6241134751657866,0.007936507936507908,0.00694444444444442,0.014388489208633004,0.007692307692307665,0.0,1.0,1.0,2.0,1.0,0.0,0.007142857142806123,0.007936507936444948,0.0,140.33333333333334,8.0,1.139482564670419
Gujarat,2015,19602.0,18810.0,2106.0,1363.0,2108.0,3472.0,804.0,2.0,1959.0,2766.0,1.5465884079225631,2.547322083637163,2.619402985071369,23.395522388030603,0.0024875621890516324,3.4402985074584076,,,,,,,,,,,0.0,0.0,0.0,804.0,2106.0,1.5465884079225631
Gujarat,2016,19602.0,18810.0,2109.0,1376.0,2074.0,3450.0,802.0,5.0,1933.0,2741.0,1.5072674418593697,2.507267441858643,2.6296758104705367,23.45386533662911,0.006234413965079508,3.4177057356565865,0.009537784299339602,-0.016129032258064502,-0.0024875621890547706,1.5,0.0014245014245013454,13.0,-34.0,-2.0,3.0,3.0,-0.0024875621890516324,0.009537784299332695,0.001424501424500748,803.0,2107.5,1.5269279248909664
Gujarat,2017,19602.0,18810.0,2121.0,1402.0,2069.0,3471.0,804.0,5.0,1923.0,2732.0,1.4757489300988047,2.4757489300980917,2.638059701489256,23.395522388030603,0.006218905472629081,3.39800995024453,0.018895348837209225,-0.0024108003857280513,0.0024937655860348684,0.0,0.005689900426742556,26.0,-5.0,2.0,0.0,12.0,0.0,0.028613352897998084,0.007122507122503741,803.3333333333334,2112.0,1.509868259960246
Gujarat,2018,19602.0,18810.0,2118.0,1416.0,2077.0,3492.0,803.0,4.0,1903.0,2711.0,1.4668079096034838,2.4661016949135126,2.637608966372805,23.424657534217403,0.004981320049806997,3.376089663756692,0.009985734664764712,0.003866602223296267,-0.0012437810945273853,-0.19999999999999996,-0.0014144271570014633,14.0,8.0,-1.0,-1.0,-3.0,-0.0012437810945258162,0.03888481291266406,0.005698005698002992,803.0,2116.0,1.4832747605205527
Gujarat,2019,19624.0,18810.0,2119.0,1420.0,2077.0,3496.0,807.0,4.0,1901.0,2712.0,1.462676056336998,2.4619718309841816,2.6257744733548627,23.308550185844723,0.004956629491939335,3.3605947955348694,0.0028248587570620654,0.0,0.00498132004981322,0.0,0.00047214353163371747,4.0,0.0,4.0,0.0,1.0,0.0037313432835774487,0.0418195157739972,0.006172839506169908,804.6666666666666,2119.3333333333335,1.468410965346429
Gujarat,2020,19624.0,18810.0,2051.0,1423.0,2087.0,3510.0,787.0,11.0,1876.0,2674.0,1.4666198172863902,2.4666198172856877,2.606099110543067,23.900889453590977,0.01397712833543332,3.397712833540791,0.0021126760563381364,0.004814636494944624,-0.024783147459727428,1.75,-0.032090608777725294,3.0,10.0,-20.0,7.0,-68.0,-0.021144278606938877,0.044020542919997054,-0.026115859449180382,799.0,2096.0,1.4653679277422906
Gujarat,2021,19624.0,18810.0,2052.0,1462.0,2080.0,3542.0,788.0,10.0,1917.0,2716.0,1.4227086183300803,2.422708618329396,2.604060913702279,23.870558375604226,0.012690355329933135,3.4467005076098394,0.027406886858749147,-0.0033540967896502627,0.0012706480304955914,-0.09090909090909094,0.0004875670404680399,39.0,-7.0,1.0,-1.0,1.0,-0.01990049751241306,0.07263389581799513,-0.025641025641013466,794.0,2074.0,1.4506681639844894
Gujarat,2022,19624.0,18810.0,2058.0,1520.0,2078.0,3597.0,787.0,9.0,1766.0,2562.0,1.3671052631569953,2.3664473684194958,2.614993646756525,23.900889453590977,0.011435832274445444,3.25540025412547,0.039671682626539084,-0.0009615384615384581,-0.0012690355329949554,-0.09999999999999998,0.0029239766081872176,58.0,-2.0,-1.0,-1.0,6.0,-0.021144278606938877,0.11518708730732562,-0.02279202279201197,787.3333333333334,2053.6666666666665,1.4188112329244886
Gujarat,2023,19624.0,18810.0,2058.0,1573.0,2077.0,3649.0,785.0,9.0,1721.0,2514.0,1.3204068658605719,2.3197711379514816,2.6216560509520743,23.96178343945992,0.011464968152851637,3.2025477706965573,0.03486842105263155,-0.0004812319538017862,-0.0025412960609910717,0.0,0.0,53.0,-1.0,-2.0,0.0,0.0,-0.023631840795990507,0.15407190021998968,-0.02279202279201197,786.6666666666666,2056.0,1.3700735824492158
Gujarat,2024,19624.0,18810.0,2081.0,1612.0,2099.0,3711.0,785.0,9.0,1724.0,2518.0,1.3021091811406313,2.302109181140011,2.650955414009362,23.96178343945992,0.011464968152851637,3.2076433120978245,0.024793388429751984,0.010592200288878084,0.0,0.0,0.011175898931000905,39.0,22.0,0.0,0.0,23.0,-0.023631840795990507,0.18268525311798775,-0.0118708452041729,785.6666666666666,2065.6666666666665,1.3298737700527328
Haryana,2015,4421.0,4371.0,41.0,395.0,113.0,508.0,25.0,8.0,44.0,78.0,0.2860759493663644,1.2860759493638327,1.6399999999344,174.8399999930064,0.3199999999872,3.1199999998752,,,,,,,,,,,0.0,0.0,0.0,25.0,41.0,0.2860759493663644
Haryana,2016,4421.0,4371.0,40.0,436.0,128.0,564.0,24.0,8.0,35.0,68.0,0.2935779816507028,1.2935779816484092,1.6666666665972223,182.12499999241146,0.3333333333194444,2.8333333332152777,0.10379746835443049,0.1327433628318584,-0.040000000000000036,0.0,-0.024390243902439046,41.0,15.0,-1.0,0.0,-1.0,-0.0399999999984,0.1037974683541676,-0.024390243901844143,24.5,40.5,0.2898269655085336
Haryana,2017,4421.0,4371.0,36.0,436.0,117.0,553.0,24.0,6.0,49.0,79.0,0.26834862385259556,1.268348623850302,1.4999999999375,182.12499999241146,0.24999999998958333,3.291666666529514,0.0,-0.0859375,0.0,-0.25,-0.09999999999999998,0.0,-11.0,0.0,-2.0,-4.0,-0.0399999999984,0.1037974683541676,-0.1219512195092207,24.333333333333332,39.0,0.2826675182898876
Haryana,2018,4421.0,4371.0,35.0,156.0,289.0,445.0,74.0,21.0,54.0,149.0,1.8525641025522273,2.8525641025458173,0.4729729729665814,59.067567566769355,0.28378378377994884,2.013513513486304,-0.6422018348623852,1.4700854700854702,2.0833333333333335,2.5,-0.02777777777777779,-280.0,172.0,50.0,15.0,-1.0,1.9599999999216,-0.6050632911377087,-0.14634146341106485,40.666666666666664,37.0,0.8048302360185086
Haryana,2019,4421.0,4371.0,36.0,166.0,199.0,366.0,175.0,34.0,63.0,273.0,1.19879518071567,2.204819277095152,0.2057142857131102,24.977142857000132,0.1942857142846041,1.5599999999910859,0.0641025641025641,-0.31141868512110726,1.364864864864865,0.6190476190476191,0.02857142857142847,10.0,-90.0,101.0,13.0,1.0,5.99999999976,-0.5797468354415702,-0.1219512195092207,91.0,35.666666666666664,1.1065693023734975
Haryana,2020,4421.0,4371.0,32.0,168.0,171.0,339.0,153.0,37.0,65.0,255.0,1.0178571428510843,2.017857142845132,0.20915032679601864,28.56862745079367,0.24183006535789656,1.6666666666557735,0.012048192771084265,-0.14070351758793975,-0.12571428571428567,0.08823529411764697,-0.11111111111111116,2.0,-28.0,-22.0,3.0,-4.0,5.1199999997952,-0.5746835443023426,-0.21951219511659728,134.0,34.333333333333336,1.356405475372994
Haryana,2021,4421.0,4371.0,32.0,168.0,171.0,339.0,153.0,37.0,65.0,255.0,1.0178571428510843,2.017857142845132,0.20915032679601864,28.56862745079367,0.24183006535789656,1.6666666666557735,0.0,0.0,0.0,0.0,0.0,0.0,0.0,0.0,0.0,0.0,5.1199999997952,-0.5746835443023426,-0.21951219511659728,160.33333333333334,33.333333333333336,1.0781698221392795
Haryana,2022,4421.0,4354.0,31.0,154.0,138.0,292.0,81.0,36.0,122.0,239.0,0.8961038960980773,1.896103896091584,0.38271604937799114,53.75308641908946,0.4444444444389575,2.9506172839141898,-0.08333333333333337,-0.19298245614035092,-0.47058823529411764,-0.027027027027026973,-0.03125,-14.0,-33.0,-72.0,-1.0,-1.0,2.2399999999104,-0.6101265822769364,-0.2439024390184414,129.0,31.666666666666668,0.9772727272667486
Haryana,2023,4421.0,4317.0,31.0,187.0,183.0,370.0,63.0,28.0,103.0,194.0,0.9786096256632161,1.9786096256578685,0.49206349205568156,68.52380952272185,0.4444444444373898,3.079365079316201,0.2142857142857142,0.326086956521739,-0.2222222222222222,-0.2222222222222222,0.0,33.0,45.0,-18.0,-8.0,0.0,1.5199999999392,-0.5265822784796795,-0.2439024390184414,99.0,31.333333333333332,0.9641902215374593
Haryana,2024,4421.0,4425.0,30.0,155.0,162.0,317.0,48.0,181.0,103.0,332.0,1.0451612903158378,2.045161290309386,0.6249999999869792,92.18749999807943,3.7708333332547745,6.91666666652257,-0.17112299465240643,-0.11475409836065575,-0.23809523809523814,5.464285714285714,-0.032258064516129004,-32.0,-21.0,-15.0,153.0,-1.0,0.9199999999632,-0.6075949367073226,-0.2682926829202856,64.0,30.666666666666668,0.9732916040257104
Himachal Pradesh,2015,5567.0,4577.0,1127.0,359.0,774.0,1132.0,1502.0,69.0,119.0,1690.0,2.155988857932713,3.153203342609601,0.7503328894801928,3.0472703062562934,0.045938748335522014,1.125166444739597,,,,,,,,,,,0.0,0.0,0.0,1502.0,1127.0,2.155988857932713
Himachal Pradesh,2016,5567.0,4578.0,1125.0,352.0,779.0,1131.0,1508.0,67.0,122.0,1696.0,2.2130681818118947,3.213068181809054,0.7460212201586565,3.0358090185656263,0.04442970822278221,1.124668435012517,-0.01949860724233987,0.006459948320413522,0.003994673768308976,-0.02898550724637683,-0.0017746228926353025,-7.0,5.0,6.0,-2.0,-2.0,0.003994673768306262,-0.01949860724228552,-0.0017746228926337404,1505.0,1126.0,2.1845285198723037
Himachal Pradesh,2017,5567.0,4577.0,1124.0,359.0,777.0,1136.0,1501.0,68.0,120.0,1689.0,2.1643454038936927,3.1643454038909073,0.7488341105924392,3.0493004663537313,0.04530313124580593,1.1252498334436207,0.019886363636363535,-0.0025673940949936247,-0.004641909814323553,0.014925373134328401,-0.000888888888888939,7.0,-2.0,-7.0,1.0,-1.0,-0.000665778961384377,0.0,-0.0026619343389506105,1503.6666666666667,1125.3333333333333,2.1778008145461
Himachal Pradesh,2018,5567.0,4577.0,1125.0,358.0,774.0,1133.0,1502.0,71.0,120.0,1692.0,2.1620111731783185,3.1648044692649027,0.7490013315574241,3.0472703062562934,0.04727030625829077,1.1264980026623659,-0.0027855153203342198,-0.0038610038610038533,0.0006662225183211579,0.044117647058823595,0.000889679715302405,-1.0,-3.0,1.0,3.0,1.0,0.0,-0.002785515320326503,-0.0017746228926337404,1503.6666666666667,1124.6666666666667,2.1798082529613017
Himachal Pradesh,2019,5567.0,4577.0,1123.0,366.0,767.0,1133.0,1500.0,70.0,118.0,1688.0,2.095628415294821,3.0956284152920883,0.7486666666661675,3.051333333331299,0.046666666666635555,1.1253333333325832,0.022346368715083775,-0.009043927648578864,-0.0013315579227696217,-0.014084507042253502,-0.001777777777777767,8.0,-7.0,-2.0,-1.0,-2.0,-0.001331557922768754,0.01949860724228552,-0.0035492457852674807,1501.0,1124.0,2.1406616641222773
Himachal Pradesh,2020,5567.0,4578.0,1124.0,365.0,766.0,1131.0,1503.0,68.0,125.0,1695.0,2.098630136980552,3.098630136977812,0.7478376580168011,3.045908183630708,0.04524284763802712,1.1277445109772937,-0.002732240437158473,-0.0013037809647978849,0.0020000000000000018,-0.02857142857142858,0.0008904719501334757,-1.0,-1.0,3.0,-2.0,1.0,0.000665778961384377,0.016713091921959015,-0.0026619343389506105,1501.6666666666667,1124.0,2.1187565751512305
Himachal Pradesh,2021,5567.0,4577.0,1144.0,366.0,771.0,1137.0,1466.0,70.0,130.0,1665.0,2.106557377043425,3.1065573770406925,0.7803547066843245,3.1221009549774066,0.047748976807607264,1.1357435197809442,0.00273972602739736,0.006527415143603221,-0.02461743180306053,0.02941176470588225,0.017793594306049876,1.0,5.0,-37.0,2.0,20.0,-0.02396804260983757,0.01949860724228552,0.015084294587386794,1489.6666666666667,1130.3333333333333,2.100271976439599
Himachal Pradesh,2022,5567.0,4578.0,1144.0,362.0,771.0,1133.0,1458.0,70.0,131.0,1659.0,2.129834254137763,3.1298342541350004,0.7846364883396539,3.1399176954710977,0.04801097393686694,1.1378600823037464,-0.010928961748633892,0.0,-0.00545702592087316,0.0,0.0,-4.0,0.0,-8.0,0.0,0.0,-0.02929427430091259,0.008356545960979508,0.015084294587386794,1475.6666666666667,1137.3333333333333,2.11167392272058
Himachal Pradesh,2023,5567.0,4579.0,1144.0,370.0,776.0,1146.0,1461.0,71.0,135.0,1667.0,2.097297297291629,3.097297297288926,0.783025325119245,3.1341546885673277,0.048596851471561536,1.1409993155365223,0.022099447513812098,0.006485084306095956,0.002057613168724215,0.014285714285714235,0.0,8.0,5.0,3.0,1.0,0.0,-0.027296937416759457,0.03064066852359153,0.015084294587386794,1461.6666666666667,1144.0,2.1112296428242723
Himachal Pradesh,2024,5567.0,4582.0,1147.0,369.0,780.0,1149.0,1461.0,71.0,133.0,1665.0,2.1138211382056538,3.1138211382029435,0.7850787132095927,3.1362080766576756,0.048596851471561536,1.1396303901429572,-0.002702702702702675,0.005154639175257714,0.0,0.0,0.002622377622377714,-1.0,4.0,0.0,0.0,3.0,-0.027296937416759457,0.027855153203265027,0.017746228926337405,1460.0,1145.0,2.1136508965450154
Jammu & Kashmir,2015,20.0,114.0,134.0,754.0,1159.0,405.0,1077.0,868.0,2981.0,3189.0,1.5371352785125503,0.5371352785138764,0.12441968430814818,0.10584958217260367,0.8059424326826314,2.961002785512571,,,,,,,,,,,0.0,0.0,0.0,1077.0,134.0,1.5371352785125503
Jammu & Kashmir,2016,22.0,101.0,124.0,757.0,1177.0,420.0,1078.0,858.0,2980.0,3199.0,1.5548216644629396,0.5548216644642605,0.1150278293134369,0.09369202226336393,0.7959183673462005,2.967532467529715,0.003978779840848823,0.015530629853321765,0.0009285051067779992,-0.011520737327188946,-0.07462686567164178,3.0,18.0,1.0,-10.0,-10.0,0.0009285051067772251,0.003978779840843529,-0.07462686567108488,1077.5,129.0,1.545978471487745
Jammu & Kashmir,2017,26.0,105.0,131.0,752.0,1165.0,413.0,1081.0,857.0,3039.0,3263.0,1.5492021276575143,0.5492021276588441,0.12118408880654839,0.09713228492127925,0.7927844588336792,3.018501387601278,-0.006605019815059454,-0.010195412064570974,0.002782931354359919,-0.0011655011655011815,0.056451612903225756,-5.0,-12.0,3.0,-1.0,7.0,0.0037140204271089005,-0.0026525198938956865,-0.022388059701325465,1078.6666666666667,129.66666666666666,1.5470530235443347
Jammu & Kashmir,2018,36.0,121.0,157.0,713.0,1124.0,411.0,1091.0,835.0,3038.0,3295.0,1.576437587655573,0.5764375876569755,0.14390467461031722,0.11090742438119991,0.7653528872586935,3.0201649862483775,-0.051861702127659615,-0.03519313304721028,0.009250693802035137,-0.025670945157526215,0.1984732824427482,-39.0,-41.0,10.0,-22.0,26.0,0.012999071494881153,-0.05437665782486157,0.17164179104349522,1083.3333333333333,137.33333333333334,1.5601537932586755
Jammu & Kashmir,2019,37.0,97.0,135.0,720.0,1090.0,370.0,1071.0,817.0,2774.0,3028.0,1.5138888888867863,0.5138888888881752,0.12605042016794954,0.09056956115771189,0.7628384687201094,2.827264239026305,0.009817671809256634,-0.030249110320284656,-0.018331805682859748,-0.021556886227544925,-0.14012738853503182,7.0,-34.0,-20.0,-18.0,-22.0,-0.005571030640663351,-0.04509283819622667,0.007462686567108488,1081.0,141.0,1.5465095347332911
Jammu & Kashmir,2020,38.0,82.0,120.0,736.0,1112.0,376.0,1074.0,818.0,2771.0,3028.0,1.5108695652153386,0.5108695652166972,0.11173184357531496,0.07635009310979855,0.7616387337050636,2.819366852883781,0.022222222222222143,0.020183486238532167,0.0028011204481792618,0.001223990208078396,-0.11111111111111116,16.0,22.0,3.0,1.0,-15.0,-0.0027855153203316754,-0.023872679045061178,-0.10447761193951884,1078.6666666666667,137.33333333333334,1.5337320139192325
Jammu & Kashmir,2021,37.0,88.0,125.0,733.0,1134.0,401.0,1075.0,821.0,2768.0,3023.0,1.5470668485654202,0.5470668485667843,0.1162790697673337,0.08186046511620292,0.7637209302318477,2.812093023253198,-0.0040760869565217295,0.019784172661870603,0.0009310986964619072,0.003667481662591676,0.04166666666666674,-3.0,22.0,1.0,3.0,5.0,-0.0018570102135544502,-0.027851458885904706,-0.06716417910397639,1073.3333333333333,126.66666666666667,1.5239417675558482
Jammu & Kashmir,2022,37.0,98.0,136.0,733.0,1134.0,400.0,1094.0,832.0,2763.0,3026.0,1.5470668485654202,0.5457025920865679,0.12431444241304908,0.08957952467999124,0.7605118829974767,2.765996343690342,0.0,0.0,0.017674418604651132,0.013398294762484664,0.08800000000000008,0.0,0.0,19.0,11.0,11.0,0.015784586815212828,-0.027851458885904706,0.014925373134216977,1081.0,127.0,1.535001087448726
Jammu & Kashmir,2023,40.0,95.0,134.0,738.0,1126.0,388.0,1095.0,833.0,2771.0,3033.0,1.525745257450507,0.5257452574518622,0.12237442922363254,0.08675799086750068,0.7607305936066112,2.7698630136961007,0.006821282401091366,-0.007054673721340388,0.000914076782449813,0.0012019230769231282,-0.014705882352941124,5.0,-8.0,1.0,1.0,-2.0,0.016713091921990053,-0.021220159151165492,0.0,1088.0,131.66666666666666,1.5399596515271157
Jammu & Kashmir,2024,41.0,102.0,143.0,729.0,1128.0,399.0,1097.0,831.0,1273.0,1539.0,1.547325102878536,0.5473251028799077,0.13035551504090215,0.0929808568823218,0.7575205104824453,1.4029170464891496,-0.012195121951219523,0.001776198934280604,0.0018264840182649067,-0.0024009603841537164,0.0671641791044777,-9.0,2.0,2.0,-2.0,9.0,0.018570102135544504,-0.03315649867369608,0.06716417910397639,1095.3333333333333,137.66666666666666,1.5400457362981543
Jharkhand,2015,7972.0,7970.0,2239.0,716.0,586.0,1302.0,116.0,100.0,363.0,579.0,0.8184357541888011,1.8184357541874046,19.30172413776464,68.70689655113183,0.8620689655098097,4.991379310301799,,,,,,,,,,,0.0,0.0,0.0,116.0,2239.0,0.8184357541888011
Jharkhand,2016,7972.0,7970.0,2239.0,670.0,583.0,1253.0,110.0,102.0,352.0,565.0,0.8701492537300446,1.870149253728552,20.354545454360412,72.45454545388678,0.9272727272642974,5.136363636316942,-0.06424581005586594,-0.005119453924914641,-0.051724137931034475,0.020000000000000018,0.0,-46.0,-3.0,-6.0,2.0,0.0,-0.05172413793058858,-0.06424581005577619,0.0,113.0,2239.0,0.8442925039594229
Jharkhand,2017,7972.0,7970.0,2239.0,696.0,584.0,1281.0,127.0,121.0,368.0,616.0,0.8390804597689093,1.840517241376666,17.6299212597037,62.75590551131688,0.952755905504309,4.850393700749209,0.0388059701492538,0.0017152658662091813,0.15454545454545454,0.18627450980392157,0.0,26.0,1.0,17.0,19.0,0.0,0.09482758620607908,-0.027932960893815736,0.0,117.66666666666667,2239.0,0.8425551558959183
Jharkhand,2018,7972.0,7970.0,2239.0,705.0,579.0,1285.0,127.0,146.0,380.0,653.0,0.821276595743516,1.8226950354584075,17.6299212597037,62.75590551131688,1.1496062992035463,5.141732283424081,0.012931034482758674,-0.008561643835616417,0.0,0.20661157024793386,0.0,9.0,-5.0,0.0,25.0,0.0,0.09482758620607908,-0.015363128491598654,0.0,121.33333333333333,2239.0,0.8435021030808233
Jharkhand,2019,7972.0,7970.0,2239.0,736.0,584.0,1320.0,131.0,144.0,369.0,643.0,0.7934782608684872,1.7934782608671285,17.091603053304645,60.83969465602413,1.099236641212983,4.908396946527417,0.04397163120567371,0.008635578583765069,0.03149606299212593,-0.013698630136986356,0.0,31.0,5.0,4.0,-2.0,0.0,0.12931034482647147,0.027932960893815736,0.0,128.33333333333334,2239.0,0.8179451054603041
Jharkhand,2020,7972.0,7970.0,2239.0,700.0,580.0,1280.0,132.0,125.0,406.0,663.0,0.8285714285702449,1.8285714285688164,16.962121211992713,60.37878787833047,0.946969696962523,5.022727272689222,-0.048913043478260865,-0.006849315068493178,0.007633587786259444,-0.13194444444444442,0.0,-36.0,-4.0,1.0,-19.0,0.0,0.13793103448156954,-0.02234636871505259,0.0,130.0,2239.0,0.8144420950607493
Jharkhand,2021,7972.0,7970.0,2239.0,690.0,586.0,1276.0,131.0,126.0,382.0,640.0,0.8492753623176098,1.8492753623161604,17.091603053304645,60.83969465602413,0.9618320610613601,4.885496183168813,-0.014285714285714235,0.010344827586206806,-0.007575757575757569,0.008000000000000007,0.0,-10.0,6.0,-1.0,1.0,0.0,0.12931034482647147,-0.03631284916196046,0.0,131.33333333333334,2239.0,0.8237750172521139
Jharkhand,2022,7972.0,7970.0,2239.0,720.0,568.0,1288.0,131.0,133.0,387.0,652.0,0.7888888888877932,1.7888888888864043,17.091603053304645,60.83969465602413,1.015267175564769,4.9770992366032285,0.04347826086956519,-0.030716723549488067,0.0,0.05555555555555558,0.0,30.0,-18.0,0.0,7.0,0.0,0.12931034482647147,0.005586592178763147,0.0,131.33333333333334,2239.0,0.8222452265918827
Jharkhand,2023,7972.0,7970.0,2239.0,720.0,568.0,1288.0,131.0,133.0,390.0,655.0,0.7888888888877932,1.7888888888864043,17.091603053304645,60.83969465602413,1.015267175564769,4.999999999961832,0.0,0.0,0.0,0.0,0.0,0.0,0.0,0.0,0.0,0.0,0.12931034482647147,0.005586592178763147,0.0,131.0,2239.0,0.8090177133643989
Jharkhand,2024,7972.0,7970.0,2239.0,720.0,568.0,1288.0,131.0,133.0,390.0,655.0,0.7888888888877932,1.7888888888864043,17.091603053304645,60.83969465602413,1.015267175564769,4.999999999961832,0.0,0.0,0.0,0.0,0.0,0.0,0.0,0.0,0.0,0.0,0.12931034482647147,0.005586592178763147,0.0,131.0,2239.0,0.7888888888877932
Karnataka,2015,19179.0,19050.0,3073.0,1476.0,793.0,2269.0,907.0,276.0,409.0,1592.0,0.5372628726283623,1.5372628726276847,3.3880926130061875,21.00330760747409,0.30429988974608124,1.7552370452020338,,,,,,,,,,,0.0,0.0,0.0,907.0,3073.0,0.5372628726283623
Karnataka,2016,19179.0,19050.0,3073.0,1495.0,793.0,2288.0,905.0,275.0,400.0,1581.0,0.5304347826083409,1.5304347826076719,3.3955801104934857,21.04972375688282,0.30386740331458134,1.7469613259649206,0.01287262872628725,0.0,-0.0022050716648290836,-0.0036231884057971175,0.0,19.0,0.0,-2.0,-1.0,0.0,-0.0022050716648266758,0.012872628726278541,0.0,906.0,3073.0,0.5338488276183515
Karnataka,2017,19179.0,19050.0,3073.0,1501.0,793.0,2294.0,905.0,274.0,400.0,1579.0,0.5283144570282956,1.5283144570276295,3.3955801104934857,21.04972375688282,0.302762430938892,1.7447513812135418,0.004013377926421313,0.0,0.0,-0.0036363636363636598,0.0,6.0,0.0,0.0,-1.0,0.0,-0.0022050716648266758,0.016937669376682292,0.0,905.6666666666666,3073.0,0.5320040374216662
Karnataka,2018,19179.0,19050.0,3073.0,1505.0,769.0,2274.0,872.0,251.0,403.0,1527.0,0.5109634551491622,1.5109634551484976,3.524082568803298,21.846330275204306,0.2878440366969176,1.7511467889888175,0.0026648900732844094,-0.030264817150063017,-0.03646408839779003,-0.08394160583941601,0.0,4.0,-24.0,-33.0,-23.0,0.0,-0.03858875413446683,0.019647696476951457,0.0,894.0,3073.0,0.5232375649285995
Karnataka,2019,19179.0,19050.0,3073.0,1511.0,752.0,2263.0,871.0,238.0,390.0,1499.0,0.49768365320946545,1.4976836532088036,3.52812858782603,21.871412169894523,0.273249138920467,1.7210103329486557,0.003986710963455042,-0.022106631989596837,-0.0011467889908256534,-0.05179282868525892,0.0,6.0,-17.0,-1.0,-13.0,0.0,-0.039691289966880164,0.023712737127355207,0.0,882.6666666666666,3073.0,0.5123205217956411
Karnataka,2020,19179.0,19050.0,3073.0,1516.0,743.0,2259.0,872.0,212.0,393.0,1477.0,0.4901055408967743,1.4901055408961148,3.524082568803298,21.846330275204306,0.24311926605476708,1.6938073394475988,0.0033090668431501324,-0.01196808510638303,0.0011481056257176547,-0.10924369747899154,0.0,5.0,-9.0,1.0,-26.0,0.0,-0.03858875413446683,0.027100271002691665,0.0,871.6666666666666,3073.0,0.49958421641846734
Karnataka,2021,19179.0,19050.0,3074.0,1524.0,742.0,2266.0,874.0,211.0,394.0,1479.0,0.486876640419628,1.486876640418972,3.517162471391857,21.79633867274394,0.24141876430178327,1.692219679631931,0.005277044854881341,-0.0013458950201884479,0.002293577981651307,-0.004716981132075526,0.00032541490400261885,8.0,-1.0,2.0,-1.0,1.0,-0.036383682469640154,0.03252032520323,0.0003254149040024974,872.3333333333334,3073.3333333333335,0.49155527817528927
Karnataka,2022,19179.0,19050.0,3073.0,1553.0,740.0,2293.0,872.0,178.0,308.0,1358.0,0.4764971023821787,1.4764971023815348,3.524082568803298,21.846330275204306,0.20412844036673838,1.5573394495394985,0.019028871391076008,-0.0026954177897574594,-0.0022883295194507935,-0.1563981042654028,-0.0003253090435914041,29.0,-2.0,-2.0,-33.0,-1.0,-0.03858875413446683,0.05216802168018146,0.0,872.6666666666666,3073.3333333333335,0.48449309456619366
Karnataka,2023,19179.0,19050.0,3073.0,1573.0,740.0,2312.0,872.0,177.0,315.0,1363.0,0.47043865225653503,1.4698029243474444,3.524082568803298,21.846330275204306,0.202981651375914,1.5630733944936204,0.012878300064391501,0.0,0.0,-0.005617977528089901,0.0,20.0,0.0,0.0,-1.0,0.0,-0.03858875413446683,0.06571815718152729,0.0,872.6666666666666,3073.3333333333335,0.4779374650194472
Karnataka,2024,19179.0,19050.0,3073.0,1589.0,740.0,2328.0,872.0,182.0,311.0,1365.0,0.46570169918158233,1.4650723725604373,3.524082568803298,21.846330275204306,0.2087155963300359,1.565366972475269,0.010171646535282797,0.0,0.0,0.02824858757062154,0.0,16.0,0.0,0.0,5.0,0.0,-0.03858875413446683,0.07655826558260395,0.0,872.0,3073.0,0.470879151273432
Ladakh,2024,1.0,2.0,3.0,22.0,23.0,1.0,32.0,24.0,39.0,47.0,1.0454545454070248,0.04545454545247934,0.09374999999707033,0.06249999999804688,0.7499999999765626,1.4687499999541018,,,,,,,,,,,0.0,0.0,0.0,32.0,3.0,1.0454545454070248
Madhya Pradesh,2015,507.0,561.0,1068.0,15149.0,23714.0,8565.0,17250.0,15710.0,13507.0,15046.0,1.565383853719614,0.5653838537196801,0.06191304347825728,0.032521739130432895,0.9107246376811066,0.8722318840579204,,,,,,,,,,,0.0,0.0,0.0,17250.0,1068.0,1.565383853719614
Madhya Pradesh,2016,481.0,500.0,981.0,15228.0,24214.0,8986.0,17231.0,15728.0,13525.0,15028.0,1.590097189387865,0.5900971893879308,0.05693227322848024,0.029017468516044975,0.9127734896407107,0.8721490337182478,0.0052148656677009075,0.021084591380619022,-0.0011014492753622651,0.0011457670273711251,-0.0814606741573034,79.0,500.0,-19.0,18.0,-87.0,-0.001101449275362255,0.005214865667700494,-0.0814606741572271,17240.5,1024.5,1.5777405215537397
Madhya Pradesh,2017,486.0,543.0,1029.0,15191.0,25114.0,9923.0,17207.0,15733.0,13549.0,15023.0,1.6532157198340034,0.6532157198340692,0.05980124367989424,0.031556924507466055,0.9143371883535238,0.8730749113732276,-0.0024297346992382396,0.03716858016023794,-0.0013928384887702538,0.0003179043743641863,0.04892966360856277,-37.0,900.0,-24.0,5.0,48.0,-0.0024927536231882613,0.002772460228397731,-0.03651685393255008,17229.333333333332,1026.0,1.6028989209804942
Madhya Pradesh,2018,467.0,493.0,960.0,15205.0,26115.0,10910.0,17121.0,15699.0,13636.0,15058.0,1.7175271292336916,0.7175271292337575,0.05607149115121453,0.028795047018279958,0.916944103732205,0.8795047018281128,0.0009215983147916607,0.03985824639643232,-0.0049979659440925195,-0.0021610627343799926,-0.06705539358600587,14.0,1001.0,-86.0,-34.0,-69.0,-0.0074782608695647835,0.0036966136378636413,-0.1011235955055233,17186.333333333332,990.0,1.6536133461518532
Madhya Pradesh,2019,401.0,374.0,775.0,15512.0,28277.0,12765.0,17183.0,15886.0,13569.0,14866.0,1.822911294481574,0.8229112944816385,0.04510271780247657,0.021765698655646756,0.9245184193679261,0.8651574230343441,0.02019072673462685,0.0827876699215011,0.0036212838035161177,0.011911586725269041,-0.19270833333333337,307.0,2162.0,62.0,187.0,-185.0,-0.0038840579710142675,0.023961977688294674,-0.2743445692881326,17170.333333333332,921.3333333333334,1.7312180478497563
Madhya Pradesh,2020,356.0,404.0,760.0,15800.0,29903.0,14103.0,17449.0,16204.0,13308.0,14553.0,1.892594936708741,0.8925949367088042,0.043555504613442396,0.02315318929451412,0.928649206258185,0.8340306034729306,0.018566271273852575,0.057502563921208116,0.015480416690915488,0.020017625582273713,-0.01935483870967747,288.0,1626.0,266.0,318.0,-15.0,0.011536231884057302,0.04297313354016483,-0.2883895131083442,17251.0,831.6666666666666,1.8110111201413355
Madhya Pradesh,2021,357.0,344.0,701.0,15823.0,30049.0,14226.0,17432.0,16167.0,13324.0,14590.0,1.8990709726346522,0.8990709726347154,0.04021340064249425,0.01973382285451929,0.9274323083982946,0.8369664983937106,0.001455696202531609,0.004882453265558695,-0.000974267866353351,-0.0022833868180696104,-0.07763157894736838,23.0,146.0,-17.0,-37.0,-59.0,0.010550724637680548,0.04449138557000168,-0.3436329588011764,17354.666666666668,745.3333333333334,1.8715257346083225
Madhya Pradesh,2022,351.0,325.0,675.0,15848.0,30117.0,14269.0,17442.0,16172.0,13314.0,14584.0,1.9003659767792844,0.9003659767793475,0.03869969040247456,0.01863318426785812,0.9271872491686202,0.8361426441921318,0.0015799785122923016,0.0022629704815468887,0.0005736576411197181,0.0003092719737738392,-0.03708987161198285,25.0,68.0,10.0,5.0,-26.0,0.01113043478260805,0.046141659515476524,-0.3679775280895431,17441.0,712.0,1.8973439620408925
Madhya Pradesh,2023,401.0,399.0,801.0,15640.0,30265.0,14625.0,17423.0,16039.0,13333.0,14717.0,1.9351023017901576,0.9351023017902215,0.04597371290822212,0.02290076335877731,0.9205647707053366,0.8446880560178589,-0.013124684502776374,0.004914168077829739,-0.0010893246187363426,-0.008224091021518665,0.18666666666666676,-208.0,148.0,-19.0,-133.0,126.0,0.010028985507245795,0.03241138028912585,-0.2499999999997659,17432.333333333332,725.6666666666666,1.9115130837346979
Madhya Pradesh,2024,402.0,499.0,901.0,15545.0,30109.0,14564.0,17402.0,16044.0,13354.0,14712.0,1.936892891604893,0.9368928916049574,0.05177565797034526,0.02867486495804915,0.9219629927594,0.8454200666589561,-0.006074168797953972,-0.005154468858417305,-0.0012053033346726139,0.0003117401334247205,0.12484394506866425,-95.0,-156.0,-21.0,5.0,100.0,0.00881159420289804,0.026140339296321462,-0.15636704119835546,17422.333333333332,792.3333333333334,1.9241203900581116
Maharashtra,2015,1255.0,1477.0,2732.0,17192.0,23467.0,6275.0,21062.0,18669.0,9696.0,12089.0,1.3649953466727918,0.3649953466728499,0.1297122780362677,0.070126293799256,0.8863830595384633,0.5739720824232943,,,,,,,,,,,0.0,0.0,0.0,21062.0,2732.0,1.3649953466727918
Maharashtra,2016,1258.0,1401.0,2659.0,16910.0,23947.0,7037.0,20748.0,18312.0,10011.0,12447.0,1.4161442933174797,0.41614429331753894,0.12815693078850354,0.06752458068247216,0.8825910931173664,0.5999132446500578,-0.016402978129362533,0.020454254911151937,-0.014908365777229093,-0.019122609673790758,-0.026720351390922437,-282.0,480.0,-314.0,-357.0,-73.0,-0.014908365777228426,-0.01640297812936154,-0.02672035139091262,20905.0,2695.5,1.3905698199951357
Maharashtra,2017,1262.0,1366.0,2628.0,16943.0,23109.0,6166.0,20751.0,18309.0,9992.0,12434.0,1.3639261051760985,0.3639261051761575,0.12664449906028014,0.06582815286009995,0.8823189243891435,0.5992000385523301,0.0019515079834417914,-0.034993944961790646,0.00014459224985530206,-0.00016382699868933148,-0.011658518239939797,33.0,-838.0,3.0,-3.0,-31.0,-0.014765929161522421,-0.014483480688691572,-0.038067349926779626,20853.666666666668,2673.0,1.3816885817221234
Maharashtra,2018,1260.0,1448.0,2708.0,16815.0,22194.0,5379.0,20719.0,18263.0,10039.0,12495.0,1.3198929527207064,0.31989295272076596,0.1307012886722269,0.06988754283507553,0.8814614604951551,0.6030696462184177,-0.007554742371480794,-0.03959496300142806,-0.001542094356898449,-0.0025124255830465403,0.030441400304414,-128.0,-915.0,-32.0,-46.0,80.0,-0.016285253062386464,-0.021928804094926597,-0.008784773060026067,20739.333333333332,2665.0,1.3666544504047617
Maharashtra,2019,1215.0,1444.0,2659.0,16722.0,23856.0,7134.0,20589.0,18166.0,10169.0,12592.0,1.4266236096159892,0.4266236096160491,0.1291466316965307,0.07013453786001893,0.8823157996988255,0.6115887124192233,-0.005530776092774303,0.0748851040821843,-0.006274434094309611,-0.005311285111974984,-0.01809453471196454,-93.0,1662.0,-130.0,-97.0,-49.0,-0.02245750640964664,-0.02733829688226923,-0.02672035139091262,20686.333333333332,2665.0,1.3701475558375982
Maharashtra,2020,1214.0,1438.0,2652.0,16650.0,24917.0,8266.0,20509.0,18089.0,10249.0,12670.0,1.4965165165164267,0.4964564564564266,0.12930908381685458,0.0701155590228646,0.8820030230630025,0.6177775610707192,-0.0043057050592034685,0.044475184439973114,-0.0038855699645441444,-0.004238687658262741,-0.002632568634825083,-72.0,1061.0,-80.0,-77.0,-7.0,-0.02625581616180675,-0.031526291298276436,-0.029282576866753555,20605.666666666668,2673.0,1.4143443596177077
Maharashtra,2021,1203.0,1456.0,2658.0,16590.0,25730.0,9140.0,20466.0,18046.0,10292.0,12712.0,1.5509342977696472,0.5509342977697076,0.12987393726179372,0.07114238248802544,0.8817551060294693,0.6211277240300683,-0.003603603603603567,0.03262832604246091,-0.0020966404992930343,-0.00237713527558181,0.002262443438914019,-60.0,813.0,-43.0,-43.0,6.0,-0.028297407653592805,-0.0350162866449491,-0.02708638360174704,20521.333333333332,2656.3333333333335,1.4913581413006878
Maharashtra,2022,1195.0,1477.0,2671.0,16491.0,25375.0,8884.0,20394.0,17968.0,10364.0,12790.0,1.5387180886543241,0.5387180886543849,0.130969893105809,0.07242326174364654,0.8810434441501971,0.6271452387956935,-0.005967450271247787,-0.01379712397979016,-0.0035180299032542273,-0.0043222874875318285,0.004890895410082807,-99.0,-355.0,-72.0,-78.0,13.0,-0.0317158864305369,-0.040774778966959004,-0.022327964860899586,20456.333333333332,2660.3333333333335,1.5287229676467995
Maharashtra,2023,1158.0,1443.0,2602.0,16571.0,24133.0,7562.0,20391.0,18014.0,10382.0,12758.0,1.456339388087535,0.4563393880875954,0.1276053160708093,0.07076651463880777,0.8834289637584776,0.6256681869451902,0.004851130919895752,-0.048945812807881794,-0.00014710208884971543,0.0025601068566341034,-0.02583302134032195,80.0,-1242.0,-3.0,46.0,-69.0,-0.031858323046242906,-0.03612145183806211,-0.04758418740847453,20417.0,2643.6666666666665,1.5153305915038355
Maharashtra,2024,1152.0,1443.0,2595.0,16543.0,25112.0,8570.0,20371.0,17986.0,10388.0,12774.0,1.5179834371032148,0.5180438856313535,0.12738697167541468,0.0708359923420514,0.8829218005988472,0.6270678906288043,-0.0016896988715225936,0.04056685865826881,-0.0009808248737187553,-0.0015543466192960986,-0.0026902382782475476,-28.0,979.0,-20.0,-28.0,-7.0,-0.032807900484282934,-0.03775011633317603,-0.05014641288431547,20385.333333333332,2622.6666666666665,1.5043469712816915
Manipur,2024,0.0,0.0,0.0,187.0,275.0,88.0,194.0,187.0,1688.0,1695.0,1.4705882352862536,0.47058823529160115,0.0,0.0,0.9639175257682273,8.737113402016819,,,,,,,,,,,0.0,0.0,0.0,194.0,0.0,1.4705882352862536
Meghalaya,2015,153.0,60.0,213.0,245.0,303.0,57.0,1008.0,305.0,1185.0,1887.0,1.2367346938725032,0.2326530612235402,0.21130952380931417,0.05952380952375047,0.3025793650790649,1.8720238095219524,,,,,,,,,,,0.0,0.0,0.0,1008.0,213.0,1.2367346938725032
Meghalaya,2016,154.0,60.0,214.0,252.0,309.0,56.0,1015.0,312.0,1181.0,1884.0,1.2261904761856104,0.2222222222213404,0.2108374384234376,0.059113300492552596,0.3073891625612735,1.8561576354661515,0.02857142857142847,0.01980198019801982,0.00694444444444442,0.022950819672131084,0.0046948356807512415,7.0,6.0,7.0,7.0,1.0,0.0069444444444375555,0.028571428571311955,0.004694835680729132,1011.5,213.5,1.2314625850290568
Meghalaya,2017,153.0,58.0,211.0,253.0,309.0,56.0,1013.0,311.0,1183.0,1885.0,1.2213438735129591,0.2213438735169117,0.20829220138182794,0.057255676209222846,0.3070088845011777,1.8608094767997425,0.003968253968253954,0.0,-0.0019704433497537144,-0.0032051282051281937,-0.014018691588784993,1.0,0.0,-2.0,-1.0,-3.0,0.0049603174603125395,0.03265306122435652,-0.009389671361458265,1012.0,212.66666666666666,1.2280896811903574
Meghalaya,2018,153.0,57.0,210.0,255.0,312.0,57.0,1011.0,312.0,1185.0,1884.0,1.2235294117599078,0.22352941176382932,0.2077151335309518,0.05637982195840121,0.30860534124598554,1.863501483677682,0.007905138339920903,0.009708737864077666,-0.001974333662388972,0.003215434083601254,-0.004739336492891044,2.0,3.0,-2.0,1.0,-1.0,0.0029761904761875235,0.04081632653044565,-0.014084507042187397,1013.0,211.66666666666666,1.223687920486159
Meghalaya,2019,153.0,58.0,211.0,255.0,313.0,58.0,1010.0,313.0,1185.0,1883.0,1.2274509803873435,0.2274509803912649,0.20891089108890207,0.05742574257420057,0.3099009900987031,1.8643564356417184,0.0,0.0032051282051281937,-0.0009891196834816984,0.0032051282051281937,0.004761904761904745,0.0,1.0,-1.0,1.0,1.0,0.001984126984125016,0.04081632653044565,-0.009389671361458265,1011.3333333333334,210.66666666666666,1.2241080885534035
Meghalaya,2020,154.0,58.0,212.0,253.0,309.0,56.0,1010.0,312.0,1185.0,1884.0,1.2213438735129591,0.2213438735169117,0.2099009900988021,0.05742574257420057,0.30891089108880304,1.8653465346516185,-0.007843137254901933,-0.012779552715655007,0.0,-0.0031948881789137795,0.004739336492890933,-2.0,-4.0,0.0,-1.0,1.0,0.001984126984125016,0.03265306122435652,-0.004694835680729132,1010.3333333333334,211.0,1.2241080885534033
Meghalaya,2021,154.0,54.0,207.0,269.0,325.0,56.0,1015.0,323.0,1189.0,1881.0,1.2081784386572187,0.20817843866093616,0.20394088669930646,0.05320197044329734,0.3182266009849082,1.853201970441524,0.06324110671936767,0.05177993527508096,0.004950495049504955,0.03525641025641035,-0.02358490566037741,16.0,16.0,5.0,11.0,-5.0,0.0069444444444375555,0.09795918367306956,-0.028169014084374795,1011.6666666666666,210.0,1.2189910975191738
Meghalaya,2022,150.0,53.0,203.0,274.0,330.0,56.0,1014.0,327.0,1190.0,1876.0,1.2043795620394002,0.20437956204304972,0.2001972386585797,0.05226824457588534,0.3224852071002737,1.850098619327564,0.018587360594795488,0.01538461538461533,-0.0009852216748768017,0.01238390092879249,-0.019323671497584516,5.0,5.0,-1.0,4.0,-4.0,0.005952380952375047,0.11836734693829239,-0.04694835680729133,1013.0,207.33333333333334,1.211300624736526
Meghalaya,2023,150.0,53.0,203.0,274.0,366.0,92.0,1014.0,327.0,1190.0,1876.0,1.3357664233527893,0.3357664233564388,0.2001972386585797,0.05226824457588534,0.3224852071002737,1.850098619327564,0.0,0.10909090909090913,0.0,0.0,0.0,0.0,36.0,0.0,0.0,0.0,0.005952380952375047,0.11836734693829239,-0.04694835680729133,1014.3333333333334,204.33333333333334,1.2494414746831362
Meghalaya,2024,150.0,53.0,203.0,274.0,366.0,92.0,1014.0,327.0,1190.0,1876.0,1.3357664233527893,0.3357664233564388,0.2001972386585797,0.05226824457588534,0.3224852071002737,1.850098619327564,0.0,0.0,0.0,0.0,0.0,0.0,0.0,0.0,0.0,0.0,0.005952380952375047,0.11836734693829239,-0.04694835680729133,1014.0,203.0,1.291970802914993
Mizoram,2015,127.0,47.0,174.0,145.0,188.0,44.0,367.0,191.0,1672.0,1848.0,1.2965517241289894,0.30344827585997625,0.4741144414156019,0.1280653950950189,0.5204359673010343,5.035422343310531,,,,,,,,,,,0.0,0.0,0.0,367.0,174.0,1.2965517241289894
Mizoram,2016,127.0,47.0,174.0,145.0,186.0,42.0,367.0,191.0,1672.0,1848.0,1.2827586206808086,0.2896551724117955,0.4741144414156019,0.1280653950950189,0.5204359673010343,5.035422343310531,0.0,-0.010638297872340385,0.0,0.0,0.0,0.0,-2.0,0.0,0.0,0.0,0.0,0.0,0.0,367.0,174.0,1.289655172404899
Mizoram,2017,127.0,47.0,174.0,145.0,188.0,44.0,367.0,191.0,1672.0,1848.0,1.2965517241289894,0.30344827585997625,0.4741144414156019,0.1280653950950189,0.5204359673010343,5.035422343310531,0.0,0.010752688172043001,0.0,0.0,0.0,0.0,2.0,0.0,0.0,0.0,0.0,0.0,0.0,367.0,174.0,1.2919540229795958
Mizoram,2018,127.0,47.0,174.0,145.0,187.0,42.0,367.0,191.0,1672.0,1848.0,1.289655172404899,0.2896551724117955,0.4741144414156019,0.1280653950950189,0.5204359673010343,5.035422343310531,0.0,-0.005319148936170248,0.0,0.0,0.0,0.0,-1.0,0.0,0.0,0.0,0.0,0.0,0.0,367.0,174.0,1.289655172404899
Mizoram,2019,127.0,47.0,174.0,145.0,195.0,50.0,367.0,191.0,1672.0,1848.0,1.344827586197622,0.3448275862045185,0.4741144414156019,0.1280653950950189,0.5204359673010343,5.035422343310531,0.0,0.04278074866310155,0.0,0.0,0.0,0.0,8.0,0.0,0.0,0.0,0.0,0.0,0.0,367.0,174.0,1.31034482757717
Mizoram,2020,127.0,47.0,174.0,145.0,206.0,61.0,367.0,191.0,1672.0,1848.0,1.420689655162616,0.4206896551695125,0.4741144414156019,0.1280653950950189,0.5204359673010343,5.035422343310531,0.0,0.05641025641025643,0.0,0.0,0.0,0.0,11.0,0.0,0.0,0.0,0.0,0.0,0.0,367.0,174.0,1.3517241379217122
Mizoram,2021,127.0,47.0,174.0,145.0,206.0,62.0,367.0,191.0,1672.0,1848.0,1.420689655162616,0.4275862068936029,0.4741144414156019,0.1280653950950189,0.5204359673010343,5.035422343310531,0.0,0.0,0.0,0.0,0.0,0.0,0.0,0.0,0.0,0.0,0.0,0.0,0.0,367.0,174.0,1.3954022988409511
Mizoram,2022,127.0,47.0,174.0,145.0,206.0,62.0,367.0,191.0,1672.0,1848.0,1.420689655162616,0.4275862068936029,0.4741144414156019,0.1280653950950189,0.5204359673010343,5.035422343310531,0.0,0.0,0.0,0.0,0.0,0.0,0.0,0.0,0.0,0.0,0.0,0.0,0.0,367.0,174.0,1.420689655162616
Mizoram,2023,107.0,37.0,144.0,198.0,201.0,3.0,391.0,235.0,1669.0,1825.0,1.0151515151463881,0.01515151515143863,0.3682864450118458,0.09462915600998817,0.6010230179012762,4.6675191815737405,0.3655172413793104,-0.024271844660194164,0.06539509536784749,0.23036649214659688,-0.1724137931034483,53.0,-5.0,24.0,44.0,-30.0,0.06539509536766923,0.36551724137678954,-0.1724137931024574,375.0,164.0,1.2855102751572067
Mizoram,2024,3.0,5.0,8.0,145.0,202.0,57.0,165.0,150.0,1848.0,1863.0,1.3931034482662545,0.393103448273151,0.04848484848455464,0.03030303030284665,0.9090909090853995,11.290909090840662,-0.2676767676767676,0.004975124378109541,-0.578005115089514,-0.36170212765957444,-0.9444444444444444,-53.0,1.0,-226.0,-85.0,-136.0,-0.5504087193445493,0.0,-0.9540229885002643,307.6666666666667,108.66666666666667,1.2763148728584197
Nagaland,2015,100.0,50.0,150.0,384.0,504.0,120.0,695.0,434.0,958.0,1219.0,1.312499999996582,0.3124999999991862,0.21582733812918586,0.07194244604306195,0.6244604316537777,1.7539568345298504,,,,,,,,,,,0.0,0.0,0.0,695.0,150.0,1.312499999996582
Nagaland,2016,106.0,47.0,153.0,385.0,521.0,137.0,694.0,431.0,958.0,1221.0,1.3532467532432384,0.3558441558432316,0.2204610951005469,0.06772334293938369,0.6210374639760504,1.7593659942337763,0.0026041666666667407,0.03373015873015883,-0.0014388489208633226,-0.00691244239631339,0.020000000000000018,1.0,17.0,-1.0,-3.0,3.0,-0.001438848920861239,0.002604166666659885,0.01999999999986667,694.5,151.5,1.3328733766199101
Nagaland,2017,110.0,44.0,153.0,385.0,530.0,145.0,694.0,428.0,958.0,1224.0,1.376623376619801,0.37662337662239836,0.2204610951005469,0.06340057636878473,0.6167146974054515,1.7636887608043752,0.0,0.017274472168905985,0.0,-0.00696055684454755,0.0,0.0,9.0,0.0,-3.0,0.0,-0.001438848920861239,0.002604166666659885,0.01999999999986667,694.3333333333334,152.0,1.3474567099532073
Nagaland,2018,111.0,49.0,160.0,384.0,529.0,145.0,678.0,432.0,975.0,1221.0,1.3776041666630792,0.37760416666568336,0.23598820058962244,0.07227138643057188,0.6371681415919805,1.8008849557495563,-0.0025974025974025983,-0.0018867924528301883,-0.023054755043227626,0.009345794392523255,0.045751633986928164,-1.0,-1.0,-16.0,4.0,7.0,-0.024460431654641065,0.0,0.06666666666622223,688.6666666666666,155.33333333333334,1.3691580988420393
Nagaland,2019,112.0,48.0,160.0,384.0,530.0,146.0,676.0,432.0,978.0,1222.0,1.380208333329739,0.3802083333323432,0.23668639053219426,0.07100591715965827,0.6390532544369245,1.8076923076896336,0.0,0.001890359168241984,-0.002949852507374673,0.0,0.0,0.0,1.0,-2.0,0.0,0.0,-0.027338129496363543,0.0,0.06666666666622223,682.6666666666666,157.66666666666666,1.3781452922042066
Nagaland,2020,112.0,47.0,159.0,386.0,532.0,146.0,674.0,433.0,981.0,1222.0,1.3782383419653415,0.37823834196793205,0.23590504451003574,0.06973293768535647,0.6424332344204118,1.8130563798192685,0.005208333333333259,0.0037735849056603765,-0.00295857988165682,0.0023148148148148806,-0.006249999999999978,2.0,2.0,-2.0,1.0,-1.0,-0.03021582733808602,0.00520833333331977,0.059999999999600005,676.0,159.66666666666666,1.378683613986053
Nagaland,2021,186.0,92.0,278.0,265.0,319.0,54.0,672.0,357.0,984.0,1300.0,1.203773584901118,0.20377358490489142,0.4136904761898606,0.1369047619045582,0.5312499999992094,1.9345238095209307,-0.3134715025906736,-0.40037593984962405,-0.0029673590504450953,-0.17551963048498842,0.7484276729559749,-121.0,-213.0,-2.0,-76.0,119.0,-0.0330935251798085,-0.30989583333252635,0.8533333333276445,674.0,199.0,1.3207400867320662
Nagaland,2022,121.0,59.0,180.0,361.0,471.0,110.0,669.0,419.0,987.0,1237.0,1.3047091412706242,0.30470914127339416,0.2690582959637234,0.08819133034366489,0.6263079222711117,1.8490284005951434,0.36226415094339615,0.4764890282131662,-0.004464285714285698,0.1736694677871149,-0.3525179856115108,96.0,152.0,-3.0,62.0,-98.0,-0.037410071942392216,-0.059895833333177356,0.1999999999986667,671.6666666666666,205.66666666666666,1.295573689379028
Nagaland,2023,119.0,58.0,177.0,366.0,481.0,115.0,668.0,424.0,989.0,1233.0,1.3142076502696334,0.3142076502723656,0.26497005987984285,0.08682634730525925,0.6347305389212055,1.8458083832307697,0.013850415512465464,0.02123142250530785,-0.001494768310911776,0.01193317422434359,-0.01666666666666672,5.0,10.0,-1.0,5.0,-3.0,-0.03884892086325346,-0.04687499999987793,0.1799999999988,669.6666666666666,211.66666666666666,1.2742301254804584
Nagaland,2024,125.0,63.0,187.0,356.0,468.0,112.0,666.0,419.0,990.0,1238.0,1.314606741569341,0.31460674157215,0.2807807807803592,0.09459459459445256,0.6291291291281845,1.8588588588560677,-0.02732240437158473,-0.027027027027026973,-0.0029940119760478723,-0.011792452830188704,0.05649717514124286,-10.0,-13.0,-2.0,-5.0,10.0,-0.04172661870497593,-0.07291666666647678,0.24666666666502224,667.6666666666666,181.33333333333334,1.3111745110365327
Nicobar Islands,2015,3.0,3.0,6.0,15.0,48.0,33.0,28.0,17.0,730.0,740.0,3.199999999786667,2.1999999998533335,0.21428571427806123,0.10714285713903061,0.6071428571211734,26.42857142762755,,,,,,,,,,,0.0,0.0,0.0,28.0,6.0,3.199999999786667
Nicobar Islands,2017,3.0,3.0,6.0,15.0,49.0,34.0,28.0,17.0,730.0,740.0,3.266666666448889,2.2666666665155555,0.21428571427806123,0.10714285713903061,0.6071428571211734,26.42857142762755,0.0,0.02083333333333326,0.0,0.0,0.0,0.0,1.0,0.0,0.0,0.0,0.0,0.0,0.0,28.0,6.0,3.233333333117778
Nicobar Islands,2018,3.0,3.0,6.0,15.0,41.0,26.0,28.0,17.0,730.0,740.0,2.733333333151111,1.7333333332177778,0.21428571427806123,0.10714285713903061,0.6071428571211734,26.42857142762755,0.0,-0.16326530612244894,0.0,0.0,0.0,0.0,-8.0,0.0,0.0,0.0,0.0,0.0,0.0,28.0,6.0,3.066666666462222
Nicobar Islands,2019,3.0,3.0,6.0,15.0,46.0,31.0,28.0,17.0,687.0,697.0,3.0666666664622224,2.066666666528889,0.21428571427806123,0.10714285713903061,0.6071428571211734,24.89285714196811,0.0,0.12195121951219523,0.0,0.0,0.0,0.0,5.0,0.0,0.0,0.0,0.0,0.0,0.0,28.0,6.0,3.0222222220207406
Nicobar Islands,2020,3.0,3.0,6.0,15.0,40.0,25.0,28.0,17.0,687.0,697.0,2.6666666664888887,1.6666666665555556,0.21428571427806123,0.10714285713903061,0.6071428571211734,24.89285714196811,0.0,-0.13043478260869568,0.0,0.0,0.0,0.0,-6.0,0.0,0.0,0.0,0.0,0.0,0.0,28.0,6.0,2.8222222220340742
Nicobar Islands,2021,3.0,3.0,6.0,15.0,39.0,25.0,28.0,17.0,687.0,697.0,2.5999999998266667,1.6666666665555556,0.21428571427806123,0.10714285713903061,0.6071428571211734,24.89285714196811,0.0,-0.025000000000000022,0.0,0.0,0.0,0.0,-1.0,0.0,0.0,0.0,0.0,0.0,0.0,28.0,6.0,2.777777777592593
Nicobar Islands,2022,3.0,3.0,6.0,15.0,39.0,25.0,28.0,17.0,687.0,697.0,2.5999999998266667,1.6666666665555556,0.21428571427806123,0.10714285713903061,0.6071428571211734,24.89285714196811,0.0,0.0,0.0,0.0,0.0,0.0,0.0,0.0,0.0,0.0,0.0,0.0,0.0,28.0,6.0,2.6222222220474074
Nicobar Islands,2023,4.0,1.0,4.0,10.0,16.0,6.0,22.0,11.0,693.0,704.0,1.59999999984,0.59999999994,0.18181818180991735,0.04545454545247934,0.49999999997727274,31.999999998545455,-0.33333333333333337,-0.5897435897435898,-0.2142857142857143,-0.3529411764705882,-0.33333333333333337,-5.0,-23.0,-6.0,-6.0,-2.0,-0.21428571427806123,-0.3333333333111111,-0.33333333327777775,26.0,5.333333333333333,2.266666666497778
Nicobar Islands,2024,4.0,1.0,5.0,11.0,16.0,6.0,23.0,12.0,736.0,748.0,1.454545454413223,0.5454545454049586,0.21739130433837428,0.04347826086767486,0.5217391304120983,32.521739129020794,0.10000000000000009,0.0,0.045454545454545414,0.09090909090909083,0.25,1.0,0.0,1.0,1.0,1.0,-0.178571428565051,-0.2666666666488889,-0.16666666663888888,24.333333333333332,5.0,1.884848484693297
Odisha,2015,655.0,1028.0,1683.0,4198.0,4803.0,605.0,6648.0,5226.0,8779.0,10201.0,1.1441162458310756,0.1441162458313139,0.25315884476530487,0.15463297232247974,0.7861010830323727,1.5344464500599375,,,,,,,,,,,0.0,0.0,0.0,6648.0,1683.0,1.1441162458310756
Odisha,2016,685.0,1085.0,1770.0,4099.0,4884.0,785.0,6690.0,5184.0,9254.0,10760.0,1.1915101244202995,0.19151012442054366,0.26457399103135054,0.162182361733907,0.7748878923765657,1.6083707025408656,-0.023582658408766055,0.01686445971267947,0.00631768953068601,-0.008036739380022917,0.051693404634581164,-99.0,81.0,42.0,-42.0,87.0,0.0063176895306849695,-0.02358265840876046,0.05169340463455039,6669.0,1726.5,1.1678131851256874
Odisha,2017,777.0,1216.0,1993.0,3863.0,4502.0,639.0,6745.0,5079.0,8679.0,10345.0,1.1654154801964367,0.16541548019669547,0.2954781319495485,0.18028169014081832,0.7530022238694213,1.533728687916748,-0.05757501829714562,-0.07821457821457822,0.008221225710014934,-0.02025462962962965,0.1259887005649718,-236.0,-382.0,55.0,-105.0,223.0,0.01459085439229624,-0.07979990471651266,0.18419489007713358,6694.333333333333,1815.3333333333333,1.1670139501492705
Odisha,2018,738.0,1089.0,1827.0,4006.0,4527.0,521.0,6675.0,5095.0,8756.0,10336.0,1.1300549176232826,0.1300549176235322,0.2737078651684983,0.1631460674157059,0.7632958801496983,1.5484644194754233,0.037017861765467286,0.005553087516659172,-0.010378057820607856,0.0031502264225240495,-0.08329152032112397,143.0,25.0,-70.0,16.0,-166.0,0.004061371841154624,-0.045736064792747555,0.08556149732615237,6703.333333333333,1863.3333333333333,1.1623268407466727
Odisha,2019,705.0,1055.0,1760.0,4102.0,4670.0,568.0,6699.0,5157.0,8082.0,9624.0,1.1384690394926527,0.13846903949289652,0.26272577996712004,0.15748619196892708,0.7698163905059308,1.4366323331838429,0.023964053919121264,0.0315882482880494,0.0035955056179775013,0.012168792934249328,-0.036672140120415975,96.0,143.0,24.0,62.0,-67.0,0.007671480144403177,-0.022868032396373777,0.04575163398690092,6706.333333333333,1860.0,1.144646479104124
Odisha,2020,672.0,986.0,1658.0,4179.0,4819.0,640.0,6654.0,5165.0,8240.0,9729.0,1.1531466858097263,0.15314668580996574,0.2491734295160431,0.14818154493535493,0.7762248271715094,1.4621280432820165,0.018771331058020424,0.03190578158458246,-0.00671742051052393,0.0015512895094047519,-0.05795454545454548,77.0,149.0,-45.0,8.0,-102.0,0.0009025270758121385,-0.004525964745115644,-0.014854426619123675,6676.0,1748.3333333333333,1.1405568809752205
Odisha,2021,688.0,943.0,1632.0,4322.0,4997.0,676.0,6782.0,5265.0,8063.0,9580.0,1.1561776955110696,0.15640906987502165,0.24063698024178107,0.13904452963725464,0.7763196697138341,1.412562665880063,0.03421871261067233,0.036937123884623446,0.019236549443943485,0.019361084220716362,-0.0156815440289505,143.0,178.0,128.0,100.0,-26.0,0.020156438026471095,0.029537875178649465,-0.030303030303012297,6711.666666666667,1683.3333333333333,1.149264473604483
Odisha,2022,704.0,908.0,1613.0,4269.0,5014.0,745.0,6742.0,5178.0,8199.0,9763.0,1.1745139376900504,0.1745139376902847,0.23924651438738662,0.1346781370513001,0.7680213586471717,1.4480866211804437,-0.012262841277186465,0.003402041224734864,-0.005897965202005362,-0.01652421652421654,-0.011642156862745057,-53.0,17.0,-40.0,-87.0,-19.0,0.01413959085439017,0.016912815626484775,-0.04159239453354629,6726.0,1634.3333333333333,1.1612794396702821
Odisha,2023,701.0,903.0,1604.0,4307.0,5168.0,861.0,6724.0,5211.0,8156.0,9669.0,1.1999071279309959,0.19990712793122822,0.2385484830457706,0.13429506246279976,0.7749851278999442,1.4379833432478526,0.008901382056687668,0.030714000797766206,-0.002669830910708937,0.006373117033603659,-0.0055796652200867936,38.0,154.0,-18.0,33.0,-9.0,0.011432009626953754,0.02596474511671606,-0.04693998811643081,6749.333333333333,1616.3333333333333,1.1768662537107053
Odisha,2024,678.0,814.0,1492.0,4358.0,5260.0,902.0,6688.0,5172.0,4884.0,6399.0,1.2069756769157394,0.20697567691596902,0.2230861244018805,0.12171052631577127,0.773325358851559,0.9567882775118186,0.011841188762479637,0.017801857585139302,-0.005353955978584124,-0.007484168105929778,-0.06982543640897754,51.0,92.0,-36.0,-39.0,-112.0,0.006016847172080924,0.03811338732728963,-0.11348781937010488,6718.0,1569.6666666666667,1.1937989141789285
Puducherry,2015,3.0,5.0,8.0,15.0,26.0,11.0,29.0,20.0,20.0,28.0,1.7333333332177778,0.7333333332844444,0.27586206895600474,0.17241379309750296,0.6896551723900118,0.9655172413460167,,,,,,,,,,,0.0,0.0,0.0,29.0,8.0,1.7333333332177778
Puducherry,2016,3.0,5.0,8.0,15.0,26.0,11.0,29.0,20.0,20.0,29.0,1.7333333332177778,0.7333333332844444,0.27586206895600474,0.17241379309750296,0.6896551723900118,0.9999999999655173,0.0,0.0,0.0,0.0,0.0,0.0,0.0,0.0,0.0,0.0,0.0,0.0,0.0,29.0,8.0,1.7333333332177778
Puducherry,2017,3.0,4.0,8.0,15.0,26.0,11.0,29.0,19.0,20.0,29.0,1.7333333332177778,0.7333333332844444,0.27586206895600474,0.13793103447800237,0.6551724137705113,0.9999999999655173,0.0,0.0,0.0,-0.050000000000000044,0.0,0.0,0.0,0.0,-1.0,0.0,0.0,0.0,0.0,29.0,8.0,1.7333333332177778
Puducherry,2020,3.0,4.0,7.0,15.0,27.0,11.0,28.0,19.0,20.0,29.0,1.79999999988,0.7333333332844444,0.24999999999107142,0.14285714285204082,0.6785714285471939,1.0357142856772958,0.0,0.03846153846153855,-0.03448275862068961,0.0,-0.125,0.0,1.0,-1.0,0.0,-1.0,-0.03448275861950059,0.0,-0.124999999984375,28.666666666666668,7.666666666666667,1.7555555554385185
Puducherry,2021,3.0,4.0,6.0,16.0,28.0,12.0,28.0,20.0,21.0,29.0,1.749999999890625,0.749999999953125,0.21428571427806123,0.14285714285204082,0.714285714260204,1.0357142856772958,0.06666666666666665,0.03703703703703698,0.0,0.05263157894736836,-0.1428571428571429,1.0,1.0,0.0,1.0,-1.0,-0.03448275861950059,0.06666666666222222,-0.24999999996875,28.333333333333332,7.0,1.7611111109961344
Puducherry,2022,3.0,3.0,6.0,16.0,30.0,13.0,28.0,19.0,21.0,29.0,1.8749999998828124,0.8124999999492187,0.21428571427806123,0.10714285713903061,0.6785714285471939,1.0357142856772958,0.0,0.0714285714285714,0.0,-0.050000000000000044,0.0,0.0,2.0,0.0,-1.0,0.0,-0.03448275861950059,0.06666666666222222,-0.24999999996875,28.0,6.333333333333333,1.8083333332178124
Punjab,2015,6.0,77.0,82.0,4137.0,7872.0,3734.0,4245.0,4214.0,788.0,819.0,1.9028281363302142,0.9025864152765524,0.019316843345107342,0.01813898704357641,0.9926972909302725,0.19293286219076725,,,,,,,,,,,0.0,0.0,0.0,4245.0,82.0,1.9028281363302142
Punjab,2016,6.0,78.0,84.0,4130.0,7804.0,3674.0,4237.0,4208.0,796.0,824.0,1.8895883777235132,0.8895883777237554,0.01982534812366773,0.018409251829120035,0.9931555345761167,0.19447722445121676,-0.0016920473773265332,-0.008638211382113847,-0.00188457008244991,-0.0014238253440911341,0.024390243902439046,-7.0,-68.0,-8.0,-6.0,2.0,-0.001884570082449497,-0.001692047377326156,0.024390243902141583,4241.0,83.0,1.8962082570268637
Punjab,2017,6.0,85.0,91.0,4124.0,7779.0,3655.0,4235.0,4209.0,798.0,824.0,1.8862754607172922,0.8862754607175347,0.021487603305780048,0.020070838252651692,0.9938606847695409,0.19456906729629406,-0.0014527845036319542,-0.0032034853921065753,-0.0004720320981826953,0.0002376425855512565,0.08333333333333326,-6.0,-25.0,-2.0,1.0,7.0,-0.002355712603061871,-0.0031423737007485754,0.10975609755963711,4239.0,85.66666666666667,1.8928973249236734
Punjab,2018,6.0,86.0,91.0,4119.0,7851.0,3732.0,4233.0,4205.0,800.0,828.0,1.9060451565909426,0.9060451565911856,0.02149775572879246,0.02031656035907859,0.993385305929366,0.19560595322461713,-0.001212415130940836,0.009255688391824224,-0.00047225501770953304,-0.0009503444998811839,0.0,-5.0,72.0,-2.0,-4.0,0.0,-0.0028268551236742454,-0.004350978970267258,0.10975609755963711,4235.0,88.66666666666667,1.8939696650105826
Punjab,2019,5.0,88.0,93.0,4127.0,7838.0,3711.0,4238.0,4214.0,795.0,818.0,1.8992003876903563,0.8992003876905986,0.02194431335535112,0.02076451156205267,0.9943369513919313,0.193015573383626,0.0019422189851905358,-0.001655840020379551,0.001181195369714061,0.0021403091557670173,0.0219780219780219,8.0,-13.0,5.0,9.0,2.0,-0.0016489988221433099,-0.0024172105390373655,0.1341463414617787,4235.333333333333,91.66666666666667,1.897173668332864
Punjab,2020,5.0,87.0,93.0,4126.0,7835.0,3709.0,4237.0,4213.0,796.0,820.0,1.8989335918560593,0.8989335918563016,0.02194949256548927,0.020533396270941577,0.9943356148215731,0.19353316025485165,-0.00024230676035863485,-0.0003827507017095666,-0.00023596035865969256,-0.00023730422401513351,0.0,-1.0,-3.0,-1.0,-1.0,0.0,-0.001884570082449497,-0.0026589315929411023,0.1341463414617787,4236.0,92.33333333333333,1.9013930453791195
Punjab,2021,5.0,90.0,95.0,4113.0,7916.0,3803.0,4225.0,4203.0,807.0,830.0,1.9246292244099379,0.9246292244101811,0.02248520710058639,0.02130177514792395,0.9947928994080485,0.1964497041419653,-0.0031507513330101267,0.010338225909380938,-0.002832192589096061,-0.0023736055067647976,0.021505376344086002,-13.0,81.0,-12.0,-10.0,2.0,-0.004711425206123742,-0.005801305293689677,0.1585365853639203,4233.333333333333,93.66666666666667,1.907587734652118
Punjab,2022,5.0,91.0,95.0,4110.0,8312.0,4201.0,4225.0,4201.0,806.0,830.0,2.022384428223352,1.0221411192211625,0.02248520710058639,0.021538461538456437,0.9943195266269835,0.1964497041419653,-0.0007293946024798936,0.05002526528549778,0.0,-0.00047585058291699234,0.0,-3.0,396.0,0.0,-2.0,0.0,-0.004711425206123742,-0.006526468455400888,0.1585365853639203,4229.0,94.33333333333333,1.9486490814964494
Punjab,2023,5.0,92.0,97.0,4109.0,8263.0,4154.0,4226.0,4201.0,806.0,831.0,2.0109515697245044,1.0109515697247478,0.022953147184093005,0.02176999526738718,0.9940842404162341,0.19663984855650812,-0.00024330900243307862,-0.005895091434071187,0.0002366863905325367,0.0,0.021052631578947434,-1.0,-49.0,1.0,0.0,2.0,-0.0044758539458175555,-0.006768189509304624,0.18292682926606185,4225.333333333333,95.66666666666667,1.985988407452598
Punjab,2024,5.0,105.0,110.0,4103.0,8139.0,4036.0,4232.0,4208.0,807.0,832.0,1.9836704850104838,0.9836704850107277,0.025992438563320886,0.024810964083169938,0.994328922495039,0.196597353497118,-0.0014602092966659042,-0.015006656178143563,0.0014197823000472454,0.0016662699357294919,0.134020618556701,-6.0,-124.0,6.0,7.0,13.0,-0.0030624263839804326,-0.008218515832727043,0.34146341462998214,4227.666666666667,100.66666666666667,2.00566882765278
Rajasthan,2015,1966.0,1597.0,3563.0,18024.0,25014.0,6989.0,25504.0,19622.0,8764.0,14646.0,1.3878162450065807,0.3877607634265209,0.13970357590965574,0.06261762860727484,0.7693695106649635,0.5742628607277065,,,,,,,,,,,0.0,0.0,0.0,25504.0,3563.0,1.3878162450065807
Rajasthan,2016,1983.0,1491.0,3474.0,18169.0,26036.0,7867.0,25496.0,19659.0,8783.0,14619.0,1.432990258131904,0.4329902581319592,0.13625666771257702,0.05847976153121829,0.7710621273925019,0.5733840602447218,0.00804482911673321,0.040857120012792736,-0.00031367628607281706,0.0018856385689531852,-0.02497895032276176,145.0,1022.0,-8.0,37.0,-89.0,-0.00031367628607276057,0.008044829116732799,-0.024978950322754708,25500.0,3518.5,1.4104032515692424
Rajasthan,2017,1992.0,1742.0,3734.0,17903.0,25069.0,7166.0,25493.0,19645.0,8794.0,14642.0,1.4002681114896163,0.4002681114896721,0.14647158043383884,0.06833248342682037,0.7706036951319668,0.5743537441650424,-0.014640321426605762,-0.037140881855891816,-0.00011766551615943754,-0.0007121420214659668,0.07484168105929756,-266.0,-967.0,-3.0,-14.0,260.0,-0.0004313048933500458,-0.006713271193963232,0.04799326410327028,25497.666666666668,3590.3333333333335,1.4070248715427003
Rajasthan,2018,2106.0,1789.0,3895.0,17778.0,25313.0,7535.0,25484.0,19567.0,8803.0,14720.0,1.4238384520192697,0.4238384520193259,0.15284099827342046,0.07020091037513458,0.7678150996703512,0.5776173285198329,-0.006982070044126654,0.009733136543141008,-0.0003530380888870921,-0.003970475948078422,0.043117300482056864,-125.0,244.0,-9.0,-78.0,161.0,-0.0007841907151819015,-0.013648468708388057,0.09317990457477036,25491.0,3701.0,1.4190322738802632
Rajasthan,2019,2142.0,1555.0,3698.0,18032.0,27515.0,9484.0,25475.0,19587.0,8816.0,14703.0,1.5258984028393119,0.5259538598047623,0.14516192345436132,0.061040235525022135,0.768871442590745,0.5771540726201932,0.014287321408482434,0.08699087425433571,-0.0003531627687961558,0.0010221290949046224,-0.05057766367137351,254.0,2202.0,-9.0,20.0,-197.0,-0.0011370765370137571,0.0004438526409231889,0.037889419028897586,25484.0,3775.6666666666665,1.4500016554493993
Rajasthan,2020,2093.0,1675.0,3768.0,17948.0,26100.0,8152.0,25473.0,19623.0,8816.0,14666.0,1.4542010251837834,0.4542010251838392,0.1479213284654282,0.06575589840222723,0.7703450712518836,0.5757468692340684,-0.004658385093167738,-0.05142649463928761,-7.850834151124086e-05,0.001837953744830756,0.018929150892374347,-84.0,-1415.0,-2.0,36.0,70.0,-0.0012154956085319473,-0.004216600088770294,0.05753578445128893,25477.333333333332,3787.0,1.4679792933474551
Rajasthan,2021,2040.0,1585.0,3625.0,18130.0,27442.0,9312.0,25463.0,19715.0,8829.0,14578.0,1.5136238279094587,0.5136238279095139,0.1423634292895518,0.06224718218591437,0.7742606919844176,0.5725169854298169,0.010140405616224646,0.0514176245210729,-0.0003925725277744707,0.004688375885440577,-0.03795116772823781,182.0,1342.0,-10.0,92.0,-143.0,-0.0016075909661228981,0.005881047492232253,0.017401066516975188,25470.333333333332,3697.0,1.497907751977518
Rajasthan,2022,1946.0,1502.0,3449.0,18423.0,28171.0,9749.0,25464.0,19925.0,8817.0,14357.0,1.5291212071865858,0.5291754871627569,0.13544612001256143,0.058985234055919766,0.7824772227458066,0.5638155827835154,0.016161059018201973,0.026565119160411044,3.927267014880442e-05,0.01065178797869648,-0.048551724137931074,293.0,729.0,1.0,210.0,-176.0,-0.001568381430363803,0.022137150466044045,-0.03199550940218018,25466.666666666668,3614.0,1.498982020093276
Rajasthan,2023,1961.0,1730.0,3692.0,18198.0,27696.0,9498.0,25446.0,19928.0,8816.0,14334.0,1.5219254863170941,0.521925486317149,0.14509156645444687,0.06798710995834048,0.7831486284680977,0.5633105399669668,-0.012212994626282336,-0.01686131127755497,-0.000706880301602264,0.0001505646173149966,0.07045520440707453,-225.0,-475.0,-18.0,3.0,243.0,-0.0022741530740275143,0.009653794940079358,0.036205444849835476,25457.666666666668,3588.6666666666665,1.521556840471046
Rajasthan,2024,1931.0,1792.0,3723.0,18209.0,28193.0,9984.0,25442.0,20001.0,8902.0,14343.0,1.548300291064773,0.5483002910648279,0.1463328354689039,0.07043471425202144,0.7861410266488175,0.5637528496187185,0.0006044620287943836,0.017944829578278476,-0.00015719562996152625,0.0036631874749095683,0.008396533044420451,11.0,497.0,-4.0,73.0,31.0,-0.0024309912170638946,0.010264092321348742,0.04490597810832307,25450.666666666668,3621.3333333333335,1.5331156615228176
Sikkim,2015,5.0,7.0,12.0,77.0,137.0,59.0,97.0,84.0,346.0,358.0,1.7792207791976724,0.7662337662238151,0.12371134020491019,0.07216494845286428,0.8659793814343714,3.690721649446487,,,,,,,,,,,0.0,0.0,0.0,97.0,12.0,1.7792207791976724
Sikkim,2016,5.0,7.0,12.0,77.0,146.0,69.0,97.0,84.0,346.0,358.0,1.8961038960792713,0.8961038960922584,0.12371134020491019,0.07216494845286428,0.8659793814343714,3.690721649446487,0.0,0.06569343065693434,0.0,0.0,0.0,0.0,9.0,0.0,0.0,0.0,0.0,0.0,0.0,97.0,12.0,1.8376623376384718
Sikkim,2017,5.0,7.0,12.0,77.0,153.0,75.0,97.0,84.0,344.0,357.0,1.9870129869871815,0.9740259740133242,0.12371134020491019,0.07216494845286428,0.8659793814343714,3.680412371096078,0.0,0.047945205479452024,0.0,0.0,0.0,0.0,7.0,0.0,0.0,0.0,0.0,0.0,0.0,97.0,12.0,1.887445887421375
Sikkim,2018,5.0,7.0,12.0,77.0,162.0,85.0,97.0,84.0,344.0,357.0,2.1038961038687805,1.1038961038817676,0.12371134020491019,0.07216494845286428,0.8659793814343714,3.680412371096078,0.0,0.05882352941176472,0.0,0.0,0.0,0.0,9.0,0.0,0.0,0.0,0.0,0.0,0.0,97.0,12.0,1.995670995645078
Sikkim,2019,5.0,7.0,12.0,77.0,162.0,85.0,97.0,84.0,344.0,357.0,2.1038961038687805,1.1038961038817676,0.12371134020491019,0.07216494845286428,0.8659793814343714,3.680412371096078,0.0,0.0,0.0,0.0,0.0,0.0,0.0,0.0,0.0,0.0,0.0,0.0,0.0,97.0,12.0,2.0649350649082474
Sikkim,2020,5.0,7.0,12.0,77.0,140.0,63.0,97.0,84.0,344.0,357.0,1.8181818181582055,0.8181818181711924,0.12371134020491019,0.07216494845286428,0.8659793814343714,3.680412371096078,0.0,-0.13580246913580252,0.0,0.0,0.0,0.0,-22.0,0.0,0.0,0.0,0.0,0.0,0.0,97.0,12.0,2.008658008631922
Sikkim,2021,5.0,7.0,12.0,77.0,140.0,63.0,97.0,84.0,344.0,357.0,1.8181818181582055,0.8181818181711924,0.12371134020491019,0.07216494845286428,0.8659793814343714,3.680412371096078,0.0,0.0,0.0,0.0,0.0,0.0,0.0,0.0,0.0,0.0,0.0,0.0,0.0,97.0,12.0,1.9134199133950638
Sikkim,2022,6.0,3.0,9.0,83.0,139.0,56.0,103.0,86.0,387.0,405.0,1.6746987951605457,0.674698795172594,0.08737864077585068,0.02912621359195023,0.8349514563025733,3.932038834913281,0.07792207792207795,-0.0071428571428571175,0.061855670103092786,0.023809523809523725,-0.25,6.0,-1.0,6.0,2.0,-3.0,0.061855670102455095,0.07792207792106594,-0.24999999997916666,99.0,11.0,1.7703541438256523
Sikkim,2023,6.0,3.0,9.0,83.0,139.0,56.0,103.0,86.0,387.0,405.0,1.6746987951605457,0.674698795172594,0.08737864077585068,0.02912621359195023,0.8349514563025733,3.932038834913281,0.0,0.0,0.0,0.0,0.0,0.0,0.0,0.0,0.0,0.0,0.061855670102455095,0.07792207792106594,-0.24999999997916666,101.0,10.0,1.7225264694930988
Sikkim,2024,5.0,4.0,9.0,88.0,111.0,23.0,110.0,92.0,206.0,224.0,1.2613636363493026,0.2613636363606663,0.08181818181743801,0.036363636363305786,0.8363636363560331,2.036363636345124,0.06024096385542177,-0.20143884892086328,0.06796116504854366,0.06976744186046502,0.0,5.0,-28.0,7.0,6.0,0.0,0.13402061855531938,0.14285714285528756,-0.24999999997916666,105.33333333333333,9.0,1.5369204088901312
Tamil Nadu,2015,1729.0,989.0,2718.0,4833.0,6074.0,1241.0,8110.0,5822.0,4923.0,7211.0,1.2567763294017675,0.2567763294019746,0.33514180024656776,0.12194821208383205,0.717879161528888,0.8891491985202356,,,,,,,,,,,0.0,0.0,0.0,8110.0,2718.0,1.2567763294017675
Tamil Nadu,2016,1848.0,1361.0,3208.0,4347.0,5129.0,782.0,8110.0,5708.0,4923.0,7325.0,1.1798941798939084,0.1798941798941385,0.3955610357582743,0.16781750924782146,0.7038224414302461,0.9032059186188774,-0.1005586592178771,-0.15558116562397106,0.0,-0.019580900034352422,0.1802796173657102,-486.0,-945.0,0.0,-114.0,490.0,0.0,-0.10055865921785628,0.18027961736564374,8110.0,2963.0,1.218335254647838
Tamil Nadu,2017,1933.0,992.0,2925.0,4639.0,5730.0,1091.0,8110.0,5630.0,4923.0,7403.0,1.2351799956884597,0.2351799956886753,0.36066584463620704,0.12231812577063843,0.6942046855732806,0.912823674475843,0.06717276282493678,0.11717683759017361,0.0,-0.013665031534688121,-0.08821695760598502,292.0,601.0,0.0,-78.0,-283.0,0.0,-0.04014069935856814,0.07615894039732297,8110.0,2950.3333333333335,1.2239501683280452
Tamil Nadu,2018,1931.0,1047.0,2978.0,4582.0,5672.0,1090.0,8109.0,5630.0,4924.0,7403.0,1.2378873854209431,0.2378873854211615,0.3672462695769679,0.12911579726228523,0.6942902947341603,0.9129362436797492,-0.012287130847165373,-0.010122164048865567,-0.00012330456226883335,0.0,0.0181196581196581,-57.0,-58.0,-1.0,0.0,53.0,-0.00012330456226878874,-0.051934616180415484,0.09565857247972934,8109.666666666667,3037.0,1.2176538536677703
Tamil Nadu,2019,1906.0,920.0,2827.0,4738.0,5942.0,1204.0,8108.0,5659.0,4925.0,7374.0,1.254115660616029,0.25411566061624014,0.3486679822397202,0.11346817957571367,0.6979526393684388,0.909472126294905,0.0340462680052378,0.04760225669957685,-0.00012331976815882495,0.005150976909413796,-0.05070517125587648,156.0,270.0,-1.0,29.0,-151.0,-0.00024660912453757747,-0.019656528036412237,0.04010301692419422,8109.0,2910.0,1.2423943472418106
Tamil Nadu,2020,1865.0,893.0,2758.0,4833.0,6156.0,1322.0,8106.0,5726.0,4927.0,7307.0,1.273743016759513,0.273536105938284,0.3402417962003034,0.11016530964716134,0.706390328151899,0.901431038736627,0.02005065428450825,0.0360148098283406,-0.0002466699555994101,0.011839547623254898,-0.024407499115670306,95.0,214.0,-2.0,67.0,-69.0,-0.0004932182490751549,0.0,0.014716703458419899,8107.666666666667,2854.3333333333335,1.2552486875988282
Tamil Nadu,2021,1864.0,800.0,2664.0,4909.0,6348.0,1439.0,8105.0,5709.0,4928.0,7324.0,1.2931350580563672,0.2931350580565709,0.32868599629854056,0.09870450339295513,0.704380012337976,0.9036397285625041,0.0157252224291331,0.031189083820662766,-0.00012336540833945975,-0.002968913726859923,-0.03408266860043507,76.0,192.0,-1.0,-17.0,-94.0,-0.0006165228113439436,0.015725222429129788,-0.019867549668866863,8106.333333333333,2749.6666666666665,1.273664578477303
Tamil Nadu,2022,1905.0,858.0,2763.0,4838.0,6419.0,1582.0,8105.0,5695.0,4928.0,7338.0,1.3267879288959636,0.32699462587839456,0.34090067859341877,0.10586057988894437,0.7026526835285992,0.9053670573718808,-0.014463230800570326,0.011184625078765054,0.0,-0.0024522683482220975,0.03716216216216206,-71.0,71.0,0.0,-14.0,99.0,-0.0006165228113439436,0.0010345541071795914,0.016556291390722386,8105.333333333333,2728.3333333333335,1.2978886679039479
Tamil Nadu,2023,1866.0,961.0,2827.0,4756.0,6117.0,1360.0,8104.0,5718.0,4929.0,7316.0,1.2861648444067941,0.28595458368370774,0.34884007897330344,0.1185834155972213,0.7055774925961616,0.9027640671272331,-0.016949152542372836,-0.04704782676429353,-0.00012338062924122095,0.004038630377524166,0.02316322837495477,-82.0,-302.0,-1.0,23.0,64.0,-0.0007398273736127324,-0.015932133250565708,0.04010301692419422,8104.666666666667,2751.3333333333335,1.3020292771197084
Tamil Nadu,2024,1899.0,856.0,2755.0,4827.0,6225.0,1399.0,8104.0,5683.0,4929.0,7351.0,1.2896208825354691,0.2898280505489352,0.3399555774925543,0.10562685093779545,0.7012586377096863,0.9070829220137083,0.014928511354079133,0.01765571358509077,0.0,-0.00612102133613146,-0.02546869472939517,71.0,108.0,0.0,-35.0,-72.0,-0.0007398273736127324,-0.0012414649286155096,0.013612950699038406,8104.333333333333,2781.6666666666665,1.3008578852794088
Telangana,2015,822.0,1578.0,2400.0,4175.0,4893.0,719.0,6870.0,5753.0,4338.0,5455.0,1.1719760479039107,0.1722155688622342,0.349344978165888,0.22969432314407134,0.8374090247451473,0.7940320232895496,,,,,,,,,,,0.0,0.0,0.0,6870.0,2400.0,1.1719760479039107
Telangana,2016,669.0,1015.0,1684.0,4774.0,5970.0,1196.0,6752.0,5789.0,4456.0,5418.0,1.2505236698782465,0.2505236698784561,0.24940758293835166,0.150325829383864,0.8573755924169346,0.8024289099524877,0.14347305389221554,0.22011036174126297,-0.017176128093158716,0.006257604727968102,-0.29833333333333334,599.0,1077.0,-118.0,36.0,-716.0,-0.01717612809315616,0.14347305389218118,-0.29833333333320905,6811.0,2042.0,1.2112498588910787
Telangana,2017,662.0,916.0,1578.0,4898.0,6059.0,1161.0,6770.0,5814.0,4438.0,5394.0,1.2370355247037081,0.2370355247039124,0.23308714918755788,0.13530280649924145,0.8587887740028273,0.7967503692761009,0.025974025974025983,0.014907872696817481,0.002665876777251164,0.004318535152876057,-0.06294536817102137,124.0,89.0,18.0,25.0,-106.0,-0.014556040756912,0.17317365269456927,-0.3424999999998573,6797.333333333333,1887.3333333333333,1.2198450808286216
Telangana,2018,751.0,1064.0,1815.0,4660.0,5774.0,1115.0,6767.0,5724.0,4441.0,5484.0,1.2390557939911504,0.23927038626604305,0.26821338850298976,0.15723363381111907,0.8458696615928999,0.810403428402422,-0.04859126173948547,-0.04703746492820593,-0.0004431314623338789,-0.015479876160990669,0.15019011406844096,-238.0,-285.0,-3.0,-90.0,237.0,-0.01499272197961936,0.11616766467063085,-0.24374999999989844,6763.0,1692.3333333333333,1.2422049961910349
Telangana,2019,566.0,444.0,1010.0,5500.0,7479.0,1978.0,6785.0,5944.0,4423.0,5263.0,1.3598181818179345,0.3596363636362982,0.14885777450255727,0.06543846720706478,0.8760501105378222,0.7756816506999593,0.18025751072961382,0.2952892275718739,0.002659967489286208,0.03843466107617055,-0.4435261707988981,840.0,1705.0,18.0,220.0,-805.0,-0.012372634643375199,0.3173652694610018,-0.5791666666664254,6774.0,1467.6666666666667,1.278636500170931
Telangana,2020,379.0,210.0,589.0,5927.0,8479.0,2553.0,6717.0,6137.0,4491.0,5071.0,1.43057195883222,0.4307406782519941,0.08768795593269499,0.031263957123711286,0.9136519279438865,0.7549501265444759,0.07763636363636373,0.13370771493515177,-0.010022107590272666,0.03246971736204585,-0.41683168316831687,427.0,1000.0,-68.0,193.0,-421.0,-0.02227074235807536,0.4196407185627737,-0.754583333333019,6756.333333333333,1138.0,1.3431486448804353
Telangana,2021,344.0,553.0,896.0,5625.0,8026.0,2401.0,6715.0,6178.0,4493.0,5030.0,1.4268444444441906,0.42684444444436853,0.13343261355172994,0.08235294117645832,0.9200297840653878,0.7490692479522338,-0.05095326472076933,-0.053426111569760626,-0.00029775197260684116,0.00668078865895394,0.5212224108658743,-302.0,-453.0,-2.0,41.0,307.0,-0.0225618631732136,0.34730538922147364,-0.6266666666664056,6739.0,831.6666666666666,1.405744861698115
Telangana,2022,315.0,333.0,648.0,5897.0,9278.0,3382.0,6735.0,6230.0,4473.0,4978.0,1.5733423774798077,0.5735119552313763,0.09621380846323738,0.04944320712694143,0.9250185597622976,0.7391239792129563,0.048355555555555485,0.155993022676302,0.0029784065524944836,0.008416963418582002,-0.2767857142857143,272.0,1252.0,20.0,52.0,-248.0,-0.0196506550218312,0.41245508982026047,-0.7299999999996958,6722.333333333333,711.0,1.476919593585406
Telangana,2023,283.0,692.0,975.0,5564.0,8486.0,2921.0,6728.0,6256.0,4480.0,4951.0,1.5251617541334426,0.5249820273183815,0.14491676575503196,0.1028537455410073,0.9298454221163897,0.7358799048750392,-0.056469391215872466,-0.08536322483293812,-0.0010393466963622977,0.004173354735152568,0.5046296296296295,-333.0,-792.0,-7.0,26.0,327.0,-0.020669577874815038,0.3326946107783634,-0.5937499999997526,6726.0,839.6666666666666,1.5084495253524803
Telangana,2024,291.0,631.0,922.0,5618.0,8931.0,3313.0,6728.0,6249.0,4480.0,4959.0,1.5897116411531522,0.5897116411533304,0.13703923900116868,0.09378715814505145,0.9288049940545586,0.7370689655171317,0.009705248023005097,0.05243931180768335,0.0,-0.0011189258312021,-0.05435897435897441,54.0,445.0,0.0,-7.0,-53.0,-0.020669577874815038,0.34562874251488723,-0.6158333333330768,6730.333333333333,848.3333333333334,1.562738590922134
Tripura,2015,2.0,1.0,3.0,255.0,486.0,230.0,272.0,257.0,777.0,793.0,1.9058823529337026,0.9019607843101884,0.011029411764665334,0.003676470588221778,0.9448529411729969,2.9154411764598698,,,,,,,,,,,0.0,0.0,0.0,272.0,3.0,1.9058823529337026
Tripura,2016,2.0,1.0,2.0,255.0,491.0,235.0,271.0,256.0,778.0,793.0,1.9254901960708806,0.9215686274473665,0.007380073800710775,0.0036900369003553873,0.9446494464909791,2.9261992619818225,0.0,0.010288065843621297,-0.003676470588235281,-0.0038910505836575737,-0.33333333333333337,0.0,5.0,-1.0,-1.0,-1.0,-0.003676470588221778,0.0,-0.3333333332222222,271.5,2.5,1.9156862745022916
Tripura,2017,2.0,1.0,2.0,255.0,487.0,232.0,271.0,256.0,778.0,793.0,1.9098039215611382,0.9098039215650596,0.007380073800710775,0.0036900369003553873,0.9446494464909791,2.9261992619818225,0.0,-0.008146639511201648,0.0,0.0,0.0,0.0,-4.0,0.0,0.0,0.0,-0.003676470588221778,0.0,-0.3333333332222222,271.3333333333333,2.3333333333333335,1.9137254901885736
Tripura,2018,1.0,1.0,2.0,256.0,487.0,231.0,270.0,257.0,779.0,793.0,1.902343749992569,0.9023437499964753,0.007407407407379973,0.0037037037036899865,0.9518518518483265,2.937037037026159,0.0039215686274509665,0.0,-0.0036900369003689537,0.00390625,0.0,1.0,0.0,-1.0,1.0,0.0,-0.007352941176443556,0.003921568627435602,-0.3333333332222222,270.6666666666667,2.0,1.9125459558748625
Tripura,2019,1.0,1.0,2.0,255.0,487.0,232.0,270.0,256.0,779.0,793.0,1.9098039215611382,0.9098039215650596,0.007407407407379973,0.0037037037036899865,0.9481481481446365,2.937037037026159,-0.00390625,0.0,0.0,-0.0038910505836575737,0.0,-1.0,0.0,0.0,-1.0,0.0,-0.007352941176443556,0.0,-0.3333333332222222,270.3333333333333,2.0,1.9073171977049483
Tripura,2020,1.0,1.0,2.0,255.0,487.0,232.0,270.0,256.0,779.0,793.0,1.9098039215611382,0.9098039215650596,0.007407407407379973,0.0037037037036899865,0.9481481481446365,2.937037037026159,0.0,0.0,0.0,0.0,0.0,0.0,0.0,0.0,0.0,0.0,-0.007352941176443556,0.0,-0.3333333332222222,270.0,2.0,1.9073171977049483
Tripura,2021,1.0,1.0,2.0,255.0,487.0,231.0,270.0,256.0,779.0,793.0,1.9098039215611382,0.905882352937624,0.007407407407379973,0.0037037037036899865,0.9481481481446365,2.937037037026159,0.0,0.0,0.0,0.0,0.0,0.0,0.0,0.0,0.0,0.0,-0.007352941176443556,0.0,-0.3333333332222222,270.0,2.0,1.9098039215611382
Tripura,2022,1.0,1.0,2.0,255.0,485.0,230.0,269.0,256.0,780.0,794.0,1.901960784306267,0.9019607843101884,0.007434944237890577,0.0037174721189452884,0.9516728624499938,2.951672862442559,0.0,-0.004106776180698102,-0.0037037037037036535,0.0,0.0,0.0,-2.0,-1.0,0.0,0.0,-0.011029411764665334,0.0,-0.3333333332222222,269.6666666666667,2.0,1.907189542476181
Tripura,2023,1.0,1.0,2.0,255.0,483.0,228.0,269.0,256.0,780.0,794.0,1.8941176470513956,0.8941176470553173,0.007434944237890577,0.0037174721189452884,0.9516728624499938,2.951672862442559,0.0,-0.004123711340206171,0.0,0.0,0.0,0.0,-2.0,0.0,0.0,0.0,-0.011029411764665334,0.0,-0.3333333332222222,269.3333333333333,2.0,1.901960784306267
Tripura,2024,1.0,1.0,2.0,253.0,479.0,226.0,267.0,254.0,782.0,796.0,1.893280632403584,0.8932806324075365,0.0074906367040917955,0.0037453183520458977,0.951310861419658,2.981273408228535,-0.007843137254901933,-0.008281573498964856,-0.0074349442379182396,-0.0078125,0.0,-2.0,-4.0,-2.0,-2.0,0.0,-0.01838235294110889,-0.007843137254871204,-0.3333333332222222,268.3333333333333,2.0,1.896453021253749
Uttar Pradesh,2015,547.0,1161.0,1708.0,16469.0,26203.0,9734.0,18863.0,17630.0,5307.0,6541.0,1.5910498512355582,0.5910498512356189,0.0905476329321905,0.06154906430578055,0.934633939458149,0.34676350527485833,,,,,,,,,,,0.0,0.0,0.0,18863.0,1708.0,1.5910498512355582
Uttar Pradesh,2016,520.0,1090.0,1610.0,16564.0,26949.0,10385.0,18848.0,17654.0,5323.0,6516.0,1.6269620864524494,0.6269620864525098,0.08542020373513978,0.05783106960950457,0.9366511035653153,0.34571307300507503,0.00576841338271894,0.028470022516505766,-0.0007952075491702848,0.0013613159387408924,-0.05737704918032782,95.0,746.0,-15.0,24.0,-98.0,-0.0007952075491702913,0.005768413382718698,-0.05737704918029428,18855.5,1659.0,1.609005968844004
Uttar Pradesh,2017,552.0,1061.0,1613.0,16542.0,26864.0,10322.0,18826.0,17602.0,5344.0,6568.0,1.6239874259459783,0.623987425946039,0.08567937958142538,0.05635822798257429,0.9349835334111901,0.348879209603721,-0.0013281815986476708,-0.0031541059037440977,-0.0011672325976230802,-0.002945508100147265,0.0018633540372670065,-22.0,-85.0,-22.0,-52.0,3.0,-0.001961511954620052,0.004432570283562789,-0.05562060889926486,18845.666666666668,1643.6666666666667,1.6139997878779955
Uttar Pradesh,2018,594.0,987.0,1581.0,16538.0,26859.0,10321.0,18775.0,17524.0,5395.0,6646.0,1.6240778812430992,0.6240778812431598,0.08420772303594758,0.0525699067909426,0.9333688415445575,0.35398135818906235,-0.0002418087292951343,-0.00018612269207862742,-0.0027090194411983903,-0.004431314623338234,-0.01983880967141971,-4.0,-5.0,-51.0,-78.0,-32.0,-0.004665217621799042,0.004189689720079896,-0.07435597189691197,18816.333333333332,1601.3333333333333,1.6250091312138422
Uttar Pradesh,2019,618.0,992.0,1610.0,16368.0,27109.0,10741.0,18614.0,17360.0,5557.0,6811.0,1.656219452590319,0.6562194525903802,0.08649403674653022,0.053293220156868305,0.9326313527451954,0.3659073815407561,-0.010279356633208336,0.009307867009196169,-0.00857523302263652,-0.00935859392832683,0.01834282099936746,-170.0,250.0,-161.0,-164.0,29.0,-0.013200445316226835,-0.006132734227943036,-0.05737704918029428,18738.333333333332,1601.3333333333333,1.6347615865931322
Uttar Pradesh,2020,618.0,992.0,1610.0,16368.0,27109.0,10741.0,18614.0,17360.0,5557.0,6811.0,1.656219452590319,0.6562194525903802,0.08649403674653022,0.053293220156868305,0.9326313527451954,0.3659073815407561,0.0,0.0,0.0,0.0,0.0,0.0,0.0,0.0,0.0,0.0,-0.013200445316226835,-0.006132734227943036,-0.05737704918029428,18667.666666666668,1600.3333333333333,1.6455055954745792
Uttar Pradesh,2021,596.0,966.0,1562.0,16096.0,28200.0,12104.0,18264.0,17062.0,5250.0,6451.0,1.7519880715704677,0.7519880715705298,0.0855234340779629,0.052890932982914314,0.9341874726236895,0.3532084975908698,-0.016617790811339184,0.04024493710575827,-0.018803051466637966,-0.0171658986175115,-0.029813664596273326,-272.0,1091.0,-350.0,-298.0,-48.0,-0.0317552881302003,-0.022648612544779727,-0.08548009367676494,18497.333333333332,1594.0,1.688142325583702
Uttar Pradesh,2022,591.0,920.0,1512.0,16121.0,28237.0,12116.0,18227.0,17041.0,5288.0,6474.0,1.751566280007335,0.7515662800073971,0.08295385965874345,0.05047457069182803,0.9349316947385233,0.35518735941184204,0.0015531809145128417,0.0013120567375886072,-0.0020258431887867356,-0.001230805298323756,-0.03201024327784896,25.0,37.0,-37.0,-21.0,-50.0,-0.03371680008482035,-0.02113060902301165,-0.11475409836058856,18368.333333333332,1561.3333333333333,1.7199246013893739
Uttar Pradesh,2023,534.0,821.0,1355.0,16365.0,29783.0,13418.0,18237.0,17187.0,5854.0,6904.0,1.819920562175263,0.8199205621753242,0.07429950101441715,0.04501836924932582,0.9424247409112824,0.3785710369029786,0.015135537497673823,0.0547508588022807,0.0005486366379547913,0.008567572325567818,-0.10383597883597884,244.0,1546.0,10.0,146.0,-157.0,-0.03318666171870682,-0.006314894650555206,-0.20667447306779468,18242.666666666668,1476.3333333333333,1.7744916379176885
Uttar Pradesh,2024,441.0,719.0,1160.0,16684.0,32311.0,15627.0,18321.0,17403.0,5772.0,6690.0,1.9366458882760766,0.9366458882761366,0.06331532121608736,0.03924458271928174,0.949893564761697,0.36515474046174523,0.019492820042774195,0.08488063660477452,0.004606020727093263,0.012567638331296926,-0.1439114391143912,319.0,2528.0,84.0,216.0,-195.0,-0.02873349944335319,0.013054830287205473,-0.3208430913347068,18261.666666666668,1342.3333333333333,1.836044243486225
Uttarakhand,2015,86.0,57.0,143.0,698.0,1083.0,384.0,1547.0,756.0,4445.0,5237.0,1.551575931229869,0.5501432664748566,0.09243697478985621,0.03684550743371891,0.488687782805114,3.385261797024315,,,,,,,,,,,0.0,0.0,0.0,1547.0,143.0,1.551575931229869
Uttarakhand,2016,88.0,62.0,150.0,691.0,1082.0,391.0,1546.0,752.0,4447.0,5240.0,1.5658465991294273,0.5658465991308743,0.09702457956009249,0.04010349288483823,0.4864165588612636,3.389391979299231,-0.01002865329512892,-0.0009233610341643494,-0.0006464124111182912,-0.005291005291005346,0.04895104895104896,-7.0,-1.0,-1.0,-4.0,7.0,-0.0006464124111178756,-0.010028653295114572,0.04895104895070664,1546.5,146.5,1.5587112651796482
Uttarakhand,2017,86.0,73.0,160.0,673.0,1060.0,386.0,1550.0,746.0,4455.0,5258.0,1.5750371471001856,0.5735512630006336,0.1032258064515463,0.047096774193518,0.48129032258033466,3.3922580645139404,-0.02604920405209843,-0.020332717190388205,0.002587322121604174,-0.007978723404255317,0.06666666666666665,-18.0,-22.0,4.0,-6.0,10.0,0.001939237233353627,-0.03581661891112347,0.11888111888028756,1547.6666666666667,151.0,1.5641532258198272
Uttarakhand,2018,89.0,88.0,177.0,648.0,1029.0,381.0,1548.0,736.0,4454.0,5266.0,1.5879629629605125,0.5879629629620556,0.11434108527124397,0.05684754521960152,0.47545219638212183,3.401808785527518,-0.03714710252600295,-0.029245283018867974,-0.001290322580645209,-0.013404825737265424,0.10624999999999996,-25.0,-31.0,-2.0,-10.0,17.0,0.0006464124111178756,-0.07163323782224694,0.23776223776057512,1548.0,162.33333333333334,1.5762822363967084
Uttarakhand,2019,90.0,93.0,183.0,638.0,1024.0,386.0,1545.0,731.0,4456.0,5271.0,1.6050156739786756,0.6050156739802429,0.1184466019416709,0.06019417475724259,0.47313915857574557,3.411650485434685,-0.015432098765432056,-0.004859086491739606,-0.0019379844961240345,-0.006793478260869512,0.03389830508474567,-10.0,-5.0,-3.0,-5.0,6.0,-0.0012928248222357512,-0.08595988538669633,0.27972027971832364,1547.6666666666667,173.33333333333334,1.5893385946797913
Uttarakhand,2020,100.0,92.0,191.0,621.0,997.0,376.0,1544.0,712.0,4457.0,5289.0,1.6054750402550637,0.605475040256674,0.12370466321235511,0.059585492227940684,0.4611398963727583,3.4255181347128074,-0.026645768025078342,-0.0263671875,-0.0006472491909385036,-0.025991792065663488,0.04371584699453557,-17.0,-27.0,-1.0,-19.0,8.0,-0.001939237233353627,-0.1103151862462603,0.3356643356619884,1545.6666666666667,183.66666666666666,1.5994845590647506
Uttarakhand,2021,108.0,97.0,205.0,594.0,969.0,376.0,1541.0,691.0,4460.0,5310.0,1.631313131310385,0.6329966329955674,0.13303049967544903,0.06294613887082223,0.44841012329626967,3.445814406227485,-0.04347826086956519,-0.028084252758274864,-0.0019430051813471572,-0.0294943820224719,0.0732984293193717,-27.0,-28.0,-3.0,-21.0,14.0,-0.003878474466707254,-0.14899713467027365,0.4335664335634017,1543.3333333333333,193.0,1.6139346151813747
Uttarakhand,2022,152.0,64.0,216.0,568.0,932.0,364.0,1540.0,633.0,4461.0,5369.0,1.6408450704196464,0.6408450704214069,0.14025974025964918,0.04155844155841457,0.41103896103869414,3.4863636363613724,-0.043771043771043794,-0.03818369453044379,-0.0006489292667098967,-0.08393632416787267,0.0536585365853659,-26.0,-37.0,-1.0,-58.0,11.0,-0.004524886877825129,-0.18624641833784206,0.5104895104859407,1541.6666666666667,204.0,1.6258777473283652
Uttarakhand,2023,160.0,47.0,207.0,551.0,907.0,356.0,1564.0,598.0,4438.0,5404.0,1.6460980036267767,0.6460980036285915,0.13235294117638596,0.03005115089512145,0.38235294117622615,3.455242966749709,-0.029929577464788748,-0.02682403433476399,0.01558441558441559,-0.05529225908372826,-0.04166666666666663,-17.0,-25.0,24.0,-35.0,-9.0,0.010989010989003886,-0.21060171919740603,0.44755244754931783,1548.3333333333333,209.33333333333334,1.6394187351189362
Uttarakhand,2024,165.0,43.0,208.0,527.0,851.0,323.0,1562.0,570.0,4441.0,5432.0,1.6148007590102187,0.6129032258052887,0.1331626120357662,0.02752880921893244,0.364916773367244,3.4775928297032794,-0.04355716878402904,-0.061742006615215006,-0.0012787723785165905,-0.04682274247491636,0.004830917874396157,-24.0,-56.0,-2.0,-28.0,1.0,0.009696186166768135,-0.24498567335208454,0.45454545454227596,1555.3333333333333,210.33333333333334,1.6339146110188807
West Bengal,2015,11.0,328.0,339.0,5243.0,9881.0,4638.0,5648.0,5571.0,3036.0,3113.0,1.884608048826648,0.8846080488268386,0.06002124645891288,0.05807365439092456,0.9863668555239046,0.5511685552406955,,,,,,,,,,,0.0,0.0,0.0,5648.0,339.0,1.884608048826648
West Bengal,2016,10.0,313.0,322.0,5246.0,9618.0,4372.0,5633.0,5559.0,3052.0,3126.0,1.8333968738082664,0.8333968738084572,0.057163145748258974,0.0555654180720654,0.9868631279955641,0.5549440795312347,0.0005721914934198047,-0.02661673919643759,-0.0026558073654391334,-0.002154011847065207,-0.05014749262536877,3.0,-263.0,-15.0,-12.0,-17.0,-0.002655807365438623,0.0005721914934196887,-0.05014749262522081,5640.5,330.5,1.8590024613174572
West Bengal,2017,7.0,308.0,315.0,5247.0,9945.0,4698.0,5625.0,5555.0,3060.0,3129.0,1.8953687821608736,0.8953687821610643,0.05599999999999004,0.054755555555545815,0.9875555555553799,0.5562666666665678,0.00019062142584824748,0.03399875233936367,-0.0014202023788389972,-0.0007195538765965015,-0.021739130434782594,1.0,327.0,-8.0,-4.0,-7.0,-0.004072237960339222,0.0007629219912262515,-0.07079646017678232,5635.333333333333,325.3333333333333,1.8711245682652626
West Bengal,2018,6.0,301.0,307.0,5248.0,9960.0,4711.0,5615.0,5549.0,3069.0,3135.0,1.8978658536581747,0.8976753048778776,0.05467497773819151,0.05360641139803141,0.9882457702580608,0.5583259127336494,0.0001905850962453659,0.0015082956259426794,-0.001777777777777767,-0.0010801080108010508,-0.025396825396825418,1.0,15.0,-10.0,-6.0,-8.0,-0.005842776203964971,0.0009536524890328144,-0.09439528023570976,5624.333333333333,314.6666666666667,1.8755438365424384
West Bengal,2019,5.0,300.0,305.0,5250.0,10100.0,4850.0,5608.0,5550.0,3076.0,3134.0,1.9238095238091573,0.9238095238093478,0.05438659058486904,0.053495007132658076,0.9896576319541743,0.5588445078458347,0.00038109756097570724,0.014056224899598346,-0.001246660730186977,0.00018021265092804661,-0.006514657980456029,2.0,140.0,-7.0,1.0,-2.0,-0.007082152974502995,0.00133511348464594,-0.10029498525044162,5616.0,309.0,1.9056813865427351
West Bengal,2020,6.0,259.0,265.0,5282.0,10207.0,4925.0,5602.0,5541.0,3082.0,3143.0,1.9324119651643443,0.9324119651645337,0.047304534094957634,0.04623348803997746,0.9891110317741897,0.5610496251337805,0.0060952380952381535,0.010594059405940603,-0.0010699001426534016,-0.001621621621621605,-0.1311475409836066,32.0,107.0,-6.0,-9.0,-40.0,-0.008144475920678443,0.007438489414455953,-0.2182890855450788,5608.333333333333,292.3333333333333,1.9180291142105588
West Bengal,2021,6.0,254.0,260.0,5281.0,10259.0,4978.0,5595.0,5535.0,3089.0,3149.0,1.9426245029346823,0.9426245029348717,0.04647006255584513,0.04539767649686409,0.9892761394100108,0.5628239499552166,-0.00018932222642942254,0.005094542960713211,-0.001249553730810371,-0.0010828370330265846,-0.018867924528301883,-1.0,52.0,-7.0,-6.0,-5.0,-0.009383852691216468,0.007247758916649389,-0.23303834808190846,5601.666666666667,276.6666666666667,1.9329486639693947
West Bengal,2022,6.0,314.0,320.0,5216.0,9974.0,4758.0,5589.0,5529.0,3095.0,3155.0,1.9121932515333755,0.9121932515335673,0.0572553229557958,0.05618178565037463,0.9892646269456092,0.5645016997672992,-0.012308274947926523,-0.027780485427429613,-0.0010723860589811895,-0.0010840108401084514,0.23076923076923084,-65.0,-285.0,-6.0,-6.0,60.0,-0.010446175637391917,-0.005149723440777198,-0.05604719763995267,5595.333333333333,281.6666666666667,1.9290765732108008
West Bengal,2023,6.0,278.0,284.0,5245.0,10133.0,4887.0,5583.0,5524.0,3101.0,3161.0,1.931935176358068,0.9317445185889548,0.050868708579607576,0.04979401755327784,0.9894322049075784,0.5661830557047167,0.005559815950920255,0.015941447764186822,-0.0010735373054213682,-0.0009043226623258738,-0.11250000000000004,29.0,159.0,-6.0,-5.0,-36.0,-0.011508498583567367,0.00038146099561312577,-0.16224188790512614,5589.0,288.0,1.9289176436087085
West Bengal,2024,6.0,244.0,250.0,5274.0,10683.0,5410.0,5577.0,5518.0,3107.0,3166.0,2.025597269624189,1.0257868790290052,0.044826967903882936,0.04375112067418975,0.9894208355745042,0.5676887215347736,0.005529075309818943,0.05427810125333066,-0.0010746910263299547,-0.0010861694424330048,-0.11971830985915488,29.0,550.0,-6.0,-6.0,-34.0,-0.012570821529742815,0.00591264543200345,-0.26253687315556773,5583.0,284.6666666666667,1.9565752325052108
