state,year,fallow_other_than_current,current_fallow,total_fallow,net_area_sown,gross_cropped_area,area_sown_more_than_once,agricultural_land,cultivated_land,uncultivable_land,uncultivated_land,cropping_intensity,double_cropped_share,fallow_share,current_fallow_share,cultivated_land_share,uncultivated_share,net_area_sown_change,gross_cropped_area_change,agricultural_land_change,cultivated_land_change,fallow_change,net_area_sown_delta,gross_cropped_area_delta,agricultural_land_delta,cultivated_land_delta,fallow_delta,agricultural_land_from_baseline,net_area_sown_from_baseline,fallow_from_baseline,agricultural_land_3yr_mean,fallow_3yr_mean,cropping_intensity_3yr_mean,conflict_count,people_affected,conflict_land_area_ha,conflict_observed,conflict_next_period,target_available
Andhra Pradesh,2015,832.0,1410.0,2242.0,6209.0,7532.0,1323.0,9018.0,7619.0,7278.0,8678.0,1.2130777903042014,0.2130777903043625,0.2486138833443947,0.1563539587491509,0.8448658239076463,0.9622976269681788,,,,,,,,,,,0.0,0.0,0.0,9018.0,2242.0,1.2130777903042014,1.0,2015.0,197.0,True,,False
Andhra Pradesh,2016,860.0,1496.0,2356.0,6077.0,7418.0,1341.0,9003.0,7573.0,7294.0,8724.0,1.2206680928087508,0.2206680928089154,0.2616905475952169,0.1661668332777778,0.8411640564255424,0.969010329889929,-0.021259462071187,-0.0151354221986191,-0.0016633399866933,-0.0060375377346107,0.0508474576271187,-132.0,-114.0,-15.0,-46.0,114.0,-0.001663339986693,-0.0212594620711835,0.0508474576270959,9010.5,2299.0,1.216872941556476,0.0,0.0,0.0,False,,False
Andhra Pradesh,2017,940.0,1443.0,2383.0,6048.0,7445.0,1397.0,8999.0,7490.0,7297.0,8807.0,1.2309854497352462,0.2309854497354115,0.2648072008000595,0.1603511501277741,0.8323147016334222,0.9786642960327836,-0.0047720914925127,0.0036397950930169,-0.0004442963456625,-0.0109599894361547,0.0114601018675721,-29.0,27.0,-4.0,-83.0,27.0,-0.0021068973164779,-0.0259301014656102,0.0628902765387765,9006.666666666666,2327.0,1.2215771109493996,0.0,0.0,0.0,False,,False
Andhra Pradesh,2018,936.0,1446.0,2383.0,6049.0,7297.0,1248.0,8997.0,7495.0,7299.0,8802.0,1.2063150934036688,0.2063150934038342,0.2648660664665705,0.1607202400800088,0.8330554629319958,0.978326108702792,0.0001653439153439,-0.0198791134989926,-0.0002222469163239,0.0006675567423231,0.0,1.0,-148.0,-2.0,5.0,0.0,-0.0023286759813703,-0.0257690449347679,0.0628902765387765,8999.666666666666,2374.0,1.2193228786492218,0.0,0.0,0.0,False,,False
Andhra Pradesh,2019,926.0,1452.0,2377.0,5884.0,7287.0,1403.0,8828.0,7335.0,7305.0,8797.0,1.2384432358937392,0.2384432358939091,0.2692569098323211,0.1644766651563021,0.8308790212957826,0.9964884458539875,-0.0272772359067614,-0.001370426202549,-0.0187840391241524,-0.0213475650433622,-0.0025178346621904,-165.0,-10.0,-169.0,-160.0,-6.0,-0.0210689731647792,-0.0523433725237474,0.0602140945584031,8941.333333333334,2381.0,1.225247926344218,0.0,0.0,0.0,False,,False
Andhra Pradesh,2020,885.0,1460.0,2345.0,5915.0,7407.0,1492.0,8817.0,7375.0,7307.0,8749.0,1.2522400676244712,0.2522400676246403,0.2659634796415713,0.1655892026766286,0.836452308041189,0.9922876261765916,0.0052685248130524,0.0164676821737339,-0.0012460353420933,0.0054533060668029,-0.0134623474968447,31.0,120.0,-11.0,40.0,-32.0,-0.0222887558216874,-0.0473506200676361,0.0459411239964112,8880.666666666666,2368.333333333333,1.2323327989739596,0.0,0.0,0.0,False,,False
Andhra Pradesh,2021,894.0,1499.0,2393.0,6038.0,7328.0,1290.0,8987.0,7537.0,7309.0,8759.0,1.213646902947795,0.2136469029479606,0.2662735061755573,0.1667964838099291,0.8386558362077624,0.9746300211415404,0.0207945900253592,-0.0106655866072633,0.0192809345582398,0.0219661016949153,0.0204690831556502,123.0,-79.0,170.0,162.0,48.0,-0.0034375693058323,-0.0275406667740332,0.067350579839399,8877.333333333334,2371.6666666666665,1.2347767354886685,0.0,0.0,0.0,False,,False
Andhra Pradesh,2022,952.0,1745.0,2696.0,5725.0,6744.0,1019.0,8979.0,7470.0,7318.0,8827.0,1.17799126637534,0.1779912663755147,0.3002561532464305,0.1943423543824262,0.8319411961241974,0.9830716115379236,-0.0518383570718781,-0.0796943231441048,-0.0008901746967842,-0.0088894785723763,0.1266193063100711,-313.0,-584.0,-8.0,-67.0,303.0,-0.004324683965402,-0.077951360927673,0.2024977698482593,8927.666666666666,2478.0,1.2146260789825354,0.0,0.0,0.0,False,,False
Andhra Pradesh,2023,1035.0,2429.0,3464.0,4955.0,5744.0,788.0,8977.0,7384.0,7320.0,8913.0,1.1592330978806944,0.1590312815337721,0.3858750139244306,0.2705803720619059,0.8225465077419157,0.9928706694885828,-0.1344978165938865,-0.1482799525504151,-0.0002227419534469,-0.0115127175368139,0.28486646884273,-770.0,-1000.0,-2.0,-86.0,768.0,-0.0045464626302944,-0.2019648896762438,0.5450490633360637,8981.0,2851.0,1.18362375573461,0.0,0.0,0.0,False,,False
Andhra Pradesh,2024,1039.0,1460.0,2499.0,5914.0,6723.0,809.0,8969.0,7374.0,7327.0,8923.0,1.1367940480214511,0.1367940480216204,0.2786263797524497,0.1627829189430078,0.8221652358121505,0.994871223101684,0.1935418768920283,0.1704387186629525,-0.0008911663139132,-0.0013542795232935,-0.2785796766743649,959.0,979.0,-8.0,-10.0,-965.0,-0.0054335772898641,-0.0475116765984784,0.114629794825997,8975.0,2886.333333333333,1.1580061374258286,0.0,0.0,0.0,False,,False
Arunachal Pradesh,2015,64.0,36.0,100.0,227.0,301.0,75.0,423.0,262.0,6805.0,6966.0,1.3259911894214715,0.3303964757694696,0.2364066193847839,0.0851063829785222,0.6193853427881338,16.46808510634405,,,,,,,,,,,0.0,0.0,0.0,423.0,100.0,1.3259911894214715,0.0,0.0,0.0,False,,False
Arunachal Pradesh,2016,62.0,33.0,96.0,232.0,313.0,81.0,423.0,265.0,6805.0,6963.0,1.3491379310286675,0.3491379310329778,0.2269503546093925,0.0780141843969786,0.6264775413696774,16.460992907762503,0.0220264317180616,0.0398671096345515,0.0,0.0114503816793893,-0.04,5.0,12.0,0.0,3.0,-4.0,0.0,0.0220264317179646,-0.0399999999996,423.0,98.0,1.3375645602250694,0.0,0.0,0.0,False,,False
Arunachal Pradesh,2017,62.0,34.0,96.0,233.0,316.0,84.0,424.0,267.0,6749.0,6906.0,1.3562231759598449,0.3605150214576802,0.2264150943390886,0.0801886792450939,0.6297169811305903,16.28773584901819,0.0043103448275862,0.0095846645367412,0.0023640661938533,0.0075471698113207,0.0,1.0,3.0,1.0,2.0,0.0,0.0023640661938478,0.0264317180615575,-0.0399999999996,423.3333333333333,97.33333333333331,1.3437840988033278,0.0,0.0,0.0,False,,False
Arunachal Pradesh,2018,61.0,33.0,95.0,234.0,320.0,86.0,424.0,267.0,6749.0,6905.0,1.3675213675155236,0.3675213675197969,0.2240566037730564,0.0778301886790617,0.6297169811305903,16.28537735845216,0.0042918454935623,0.0126582278481013,0.0,0.0,-0.0104166666666666,1.0,4.0,0.0,0.0,-1.0,0.0023640661938478,0.0308370044051504,-0.0499999999995,423.6666666666667,95.66666666666669,1.357627491501345,0.0,0.0,0.0,False,,False
Arunachal Pradesh,2019,61.0,33.0,94.0,235.0,320.0,86.0,424.0,267.0,6723.0,6879.0,1.36170212765378,0.3659574468069534,0.2216981132070243,0.0778301886790617,0.6297169811305903,16.22405660373532,0.0042735042735042,0.0,0.0,0.0,-0.0105263157894737,1.0,0.0,0.0,0.0,-1.0,0.0023640661938478,0.0352422907487434,-0.0599999999994,424.0,95.0,1.3618155570430492,0.0,0.0,0.0,False,,False
Arunachal Pradesh,2020,61.0,33.0,94.0,242.0,328.0,86.0,431.0,275.0,6723.0,6879.0,1.3553719008208456,0.3553719008249778,0.2180974477953176,0.0765661252898455,0.6380510440820463,15.960556844510531,0.0297872340425531,0.0249999999999999,0.0165094339622642,0.0299625468164794,0.0,7.0,8.0,7.0,8.0,0.0,0.0189125295507827,0.0660792951538939,-0.0599999999994,426.3333333333333,94.33333333333331,1.361531798663383,0.0,0.0,0.0,False,,False
Arunachal Pradesh,2021,61.0,33.0,94.0,243.0,338.0,95.0,431.0,276.0,6723.0,6878.0,1.3909465020518892,0.3909465020560043,0.2180974477953176,0.0765661252898455,0.6403712296968901,15.95823665889569,0.0041322314049587,0.0304878048780488,0.0,0.0036363636363636,0.0,1.0,10.0,0.0,1.0,0.0,0.0189125295507827,0.0704845814974868,-0.0599999999994,428.6666666666667,94.0,1.3693401768421716,0.0,0.0,0.0,False,,False
Arunachal Pradesh,2022,57.0,33.0,90.0,253.0,343.0,90.0,431.0,286.0,6723.0,6868.0,1.355731225291084,0.3557312252950366,0.2088167053359424,0.0765661252898455,0.6635730858453281,15.935034802747252,0.0411522633744856,0.0147928994082839,0.0,0.0362318840579709,-0.0425531914893616,10.0,5.0,0.0,10.0,-4.0,0.0189125295507827,0.1145374449334161,-0.099999999999,431.0,92.66666666666669,1.3673498760546063,0.0,0.0,0.0,False,,False
Arunachal Pradesh,2023,54.0,32.0,86.0,258.0,348.0,90.0,431.0,291.0,6723.0,6863.0,1.3488372092970975,0.3488372093009735,0.1995359628765672,0.0742459396750017,0.6751740139195471,15.923433874673032,0.0197628458498024,0.0145772594752187,0.0,0.0174825174825175,-0.0444444444444444,5.0,5.0,0.0,5.0,-4.0,0.0189125295507827,0.1365638766513807,-0.1399999999986,431.0,90.0,1.3651716455466902,0.0,0.0,0.0,False,,False
Arunachal Pradesh,2024,52.0,32.0,84.0,264.0,354.0,90.0,431.0,296.0,6667.0,6803.0,1.3409090909040118,0.3409090909077996,0.1948955916468795,0.0742459396750017,0.6867749419937662,15.784222737782404,0.0232558139534884,0.0172413793103447,0.0,0.0171821305841923,-0.0232558139534884,6.0,6.0,0.0,5.0,-2.0,0.0189125295507827,0.1629955947129383,-0.1599999999984,431.0,86.66666666666667,1.348492508497398,0.0,0.0,0.0,False,,False
Assam,2015,88.0,94.0,182.0,2801.0,4060.0,1258.0,3343.0,2896.0,4501.0,4948.0,1.4494823277395754,0.4491253123882723,0.0544421178581949,0.0281184564762105,0.8662877654798485,1.4801076877052108,,,,,,,,,,,0.0,0.0,0.0,3343.0,182.0,1.4494823277395754,0.0,0.0,0.0,False,,False
Assam,2016,92.0,105.0,197.0,2774.0,4087.0,1314.0,3337.0,2879.0,4507.0,4965.0,1.473323720259022,0.473684210526145,0.0590350614324066,0.0314653880731101,0.8627509739284199,1.487863350314208,-0.0096394144948233,0.0066502463054187,-0.0017947950942267,-0.0058701657458563,0.0824175824175823,-27.0,27.0,-6.0,-17.0,15.0,-0.0017947950942262,-0.0096394144948198,0.0824175824171295,3340.0,189.5,1.4614030239992988,0.0,0.0,0.0,False,,False
Assam,2017,93.0,106.0,199.0,2723.0,4045.0,1323.0,3302.0,2829.0,4542.0,5015.0,1.4854939405062484,0.4858611825191017,0.0602665051483766,0.0321017565111956,0.8567534827374752,1.5187764990909998,-0.0183850036049026,-0.0102764864203572,-0.0104884626910398,-0.0173671413685307,0.0101522842639594,-51.0,-42.0,-35.0,-50.0,2.0,-0.012264433143879,-0.0278471974294795,0.0934065934060802,3327.333333333333,192.66666666666663,1.469433329501615,0.0,0.0,0.0,False,,False
Assam,2018,92.0,108.0,199.0,2723.0,4004.0,1281.0,3305.0,2831.0,4539.0,5013.0,1.4704370179943187,0.4704370179946858,0.0602118003025536,0.03267776096822,0.8565809379725093,1.5167927382748814,0.0,-0.0101359703337453,0.000908540278619,0.000706963591375,0.0,0.0,-41.0,3.0,2.0,0.0,-0.0113670355967659,-0.0278471974294795,0.0934065934060802,3314.6666666666665,198.33333333333331,1.4764182262531964,0.0,0.0,0.0,False,,False
Assam,2019,99.0,117.0,217.0,2699.0,3975.0,1275.0,3296.0,2817.0,4548.0,5027.0,1.472767691737135,0.4723971841420999,0.0658373786407567,0.0354975728155232,0.8546723300968281,1.5251820388344888,-0.0088138082996694,-0.0072427572427572,-0.0027231467473525,-0.0049452490286118,0.0904522613065326,-24.0,-29.0,-9.0,-14.0,18.0,-0.0140592282381052,-0.0364155658693193,0.1923076923066357,3301.0,205.0,1.4762328834125673,0.0,0.0,0.0,False,,False
Assam,2020,94.0,114.0,208.0,2724.0,3888.0,1165.0,3295.0,2838.0,4536.0,4993.0,1.4273127753298724,0.4276798825255405,0.0631259484066576,0.0345978755690335,0.861305007586992,1.5153262518963535,0.0092626898851426,-0.0218867924528302,-0.0003033980582524,0.0074547390841319,-0.0414746543778802,25.0,-87.0,-1.0,21.0,-9.0,-0.0143583607538096,-0.0274901820778195,0.1428571428563579,3298.6666666666665,208.0,1.4568391616871088,0.0,0.0,0.0,False,,False
Assam,2021,96.0,114.0,210.0,2749.0,3872.0,1123.0,3321.0,2863.0,4510.0,4968.0,1.4085121862490328,0.4085121862493966,0.063233965672971,0.0343270099367557,0.8620897320081716,1.4959349593491431,0.0091776798825256,-0.0041152263374485,0.0078907435508346,0.0088090204369273,0.0096153846153845,25.0,-16.0,26.0,25.0,2.0,-0.006580915345496,-0.0185647982863196,0.1538461538453085,3304.0,211.66666666666663,1.4361975511053469,0.0,0.0,0.0,False,,False
Assam,2022,96.0,112.0,208.0,2744.0,4034.0,1290.0,3315.0,2856.0,4515.0,4973.0,1.470116618075266,0.4701166180756304,0.0627450980391967,0.0337858220211059,0.8615384615382017,1.5001508295621415,-0.0018188432157147,0.0418388429752065,-0.0018066847335139,-0.002444987775061,-0.0095238095238094,-5.0,162.0,-6.0,-7.0,-2.0,-0.0083757104397222,-0.0203498750446196,0.1428571428563579,3310.333333333333,208.66666666666663,1.4353138598847237,0.0,0.0,0.0,False,,False
Assam,2023,93.0,107.0,200.0,2756.0,4122.0,1365.0,3312.0,2863.0,4517.0,4966.0,1.4956458635698493,0.4952830188677448,0.0603864734299334,0.0323067632850144,0.8644323671494974,1.4993961352652478,0.0043731778425655,0.0218145761031234,-0.0009049773755656,0.0024509803921568,-0.0384615384615384,12.0,88.0,-3.0,7.0,-8.0,-0.0092731079868353,-0.0160656908246997,0.0989010989005555,3316.0,206.0,1.4580915559647163,0.0,0.0,0.0,False,,False
Assam,2024,92.0,100.0,192.0,2759.0,4084.0,1325.0,3304.0,2859.0,4525.0,4970.0,1.4802464661103731,0.4802464661107357,0.0581113801452608,0.0302663438256567,0.865314769975525,1.504237288135138,0.001088534107402,-0.0092188258127122,-0.002415458937198,-0.0013971358714635,-0.04,3.0,-38.0,-8.0,-4.0,-8.0,-0.0116661681124703,-0.0149946447697197,0.054945054944753,3310.333333333333,200.0,1.4820029825851628,0.0,0.0,0.0,False,,False
Bihar,2015,119.0,961.0,1081.0,5205.0,7572.0,2368.0,6578.0,6166.0,2782.0,3193.0,1.454755043227386,0.4549471661862718,0.1643356643356393,0.146093037397363,0.9373669808450992,0.4854058984493029,,,,,,,,,,,0.0,0.0,0.0,6578.0,1081.0,1.454755043227386,0.0,0.0,0.0,False,,False
Bihar,2016,119.0,868.0,987.0,5293.0,7654.0,2361.0,6572.0,6161.0,2787.0,3199.0,1.4460608350649071,0.4460608350650961,0.1501825928179929,0.1320754716980931,0.9374619598294374,0.4867620206937786,0.0169068203650335,0.0108293713681986,-0.0009121313469139,-0.0008108984755108,-0.0869565217391304,88.0,82.0,-6.0,-5.0,-94.0,-0.0009121313469138,0.0169068203650303,-0.08695652173905,6575.0,1034.0,1.4504079391461466,0.0,0.0,0.0,False,,False
Bihar,2017,119.0,919.0,1038.0,5242.0,7525.0,2283.0,6573.0,6161.0,2787.0,3198.0,1.4355207935899588,0.4355207935901496,0.1579187585577121,0.139814392210537,0.9373193366802164,0.4865358283887895,-0.009635367466465,-0.0168539325842697,0.0001521606816798,0.0,0.0516717325227964,-51.0,-129.0,1.0,0.0,51.0,-0.0007601094557615,0.0071085494716604,-0.0397779833487143,6574.333333333333,1035.3333333333333,1.445445557294084,0.0,0.0,0.0,False,,False
Bihar,2018,118.0,995.0,1113.0,5167.0,7406.0,2239.0,6573.0,6162.0,2787.0,3198.0,1.4333268821363587,0.4333268821365524,0.1693290734824023,0.1513768446675564,0.9374714742125456,0.4865358283887895,-0.014307516215185,-0.0158139534883721,0.0,0.0001623113130986,0.0722543352601157,-75.0,-119.0,0.0,1.0,75.0,-0.0007601094557615,-0.007300672430354,0.0296022201664851,6572.666666666667,1046.0,1.438302836930408,0.0,0.0,0.0,False,,False
Bihar,2019,118.0,1069.0,1186.0,5077.0,7297.0,2220.0,6557.0,6146.0,2802.0,3214.0,1.4372661020284738,0.437266102028671,0.1808754003354916,0.1630318743327492,0.9373188958363676,0.4901631843830272,-0.0174182310818656,-0.0147177963813124,-0.0024342005172676,-0.0025965595585848,0.0655884995507636,-90.0,-109.0,-16.0,-16.0,73.0,-0.0031924597141983,-0.0245917387127714,0.0971322849212792,6567.666666666667,1112.3333333333333,1.435371259251597,0.0,0.0,0.0,False,,False
Bihar,2020,173.0,1028.0,1202.0,5045.0,7265.0,2219.0,6541.0,6073.0,2819.0,3286.0,1.4400396432108145,0.4398414271555124,0.1837639504662614,0.1571625133771354,0.9284513071394392,0.5023696682463686,-0.0063029348040181,-0.0043853638481567,-0.0024401403080677,-0.011877643996095,0.0134907251264755,-32.0,-32.0,-16.0,-73.0,16.0,-0.0056248099726352,-0.0307396733909643,0.1119333950045218,6557.0,1167.0,1.4368775424585492,0.0,0.0,0.0,False,,False
Bihar,2021,174.0,1003.0,1177.0,5070.0,7329.0,2258.0,6542.0,6073.0,2818.0,3286.0,1.4455621301772297,0.4453648915186498,0.1799143992662519,0.1533170284316488,0.9283093855088766,0.50229287679601,0.0049554013875123,0.0088093599449414,0.0001528818223512,0.0,-0.0207986688851913,25.0,64.0,1.0,0.0,-25.0,-0.0054727880814829,-0.0259365994236261,0.0888066604994553,6546.666666666667,1188.3333333333333,1.4409559584721727,0.0,0.0,0.0,False,,False
Bihar,2022,176.0,961.0,1137.0,5113.0,7268.0,2155.0,6545.0,6074.0,2815.0,3286.0,1.4214746724033989,0.4214746724035944,0.1737203972497824,0.1468296409472655,0.928036669212998,0.502062643239037,0.0084812623274161,-0.0083231000136444,0.0004585753592174,0.0001646632636258,-0.0339847068819031,43.0,-61.0,3.0,1.0,-40.0,-0.0050167224080259,-0.0176753121998044,0.0518038852913489,6542.666666666667,1172.0,1.4356921485971477,0.0,0.0,0.0,False,,False
Bihar,2023,156.0,784.0,940.0,5314.0,7836.0,2522.0,6548.0,6098.0,2811.0,3261.0,1.4745954083550104,0.4745954083551986,0.1435552840561784,0.1197312156383445,0.931276725717634,0.4980146609651041,0.0393115587717582,0.0781507980187121,0.0004583651642475,0.0039512676983866,-0.1732629727352682,201.0,568.0,3.0,24.0,-197.0,-0.004560656734569,0.0209414024975944,-0.130434782608575,6545.0,1084.6666666666667,1.447210736978546,0.0,0.0,0.0,False,,False
Bihar,2024,142.0,714.0,857.0,5412.0,8207.0,2795.0,6560.0,6126.0,2799.0,3233.0,1.5164449371763642,0.516444937176549,0.1306402439024191,0.1088414634146175,0.9338414634144916,0.4928353658535834,0.0184418517124576,0.0473455844818784,0.0018326206475258,0.0045916693998031,-0.0882978723404255,98.0,371.0,12.0,28.0,-83.0,-0.0027363940407414,0.03976945244956,-0.2072155411653957,6551.0,978.0,1.4708383393115911,0.0,0.0,0.0,False,,False
Chandigarh,2015,0.0,0.0,0.0,1.0,1.0,0.0,1.0,1.0,6.0,6.0,0.999999999,0.0,0.0,0.0,0.999999999,5.999999994,,,,,,,,,,,0.0,0.0,0.0,1.0,0.0,0.999999999,0.0,0.0,0.0,False,,False
Chandigarh,2016,0.0,0.0,0.0,1.0,1.0,0.0,1.0,1.0,6.0,6.0,0.999999999,0.0,0.0,0.0,0.999999999,5.999999994,0.0,0.0,0.0,0.0,,0.0,0.0,0.0,0.0,0.0,0.0,0.0,0.0,1.0,0.0,0.999999999,0.0,0.0,0.0,False,,False
Chandigarh,2017,0.0,0.0,0.0,1.0,2.0,1.0,1.0,1.0,6.0,6.0,1.999999998,0.999999999,0.0,0.0,0.999999999,5.999999994,0.0,1.0,0.0,0.0,,0.0,1.0,0.0,0.0,0.0,0.0,0.0,0.0,1.0,0.0,1.3333333319999998,0.0,0.0,0.0,False,,False
Chandigarh,2018,0.0,0.0,0.0,1.0,1.0,0.0,1.0,1.0,6.0,6.0,0.999999999,0.0,0.0,0.0,0.999999999,5.999999994,0.0,-0.5,0.0,0.0,,0.0,-1.0,0.0,0.0,0.0,0.0,0.0,0.0,1.0,0.0,1.3333333319999998,0.0,0.0,0.0,False,,False
Chandigarh,2019,0.0,0.0,0.0,1.0,3.0,1.0,1.0,1.0,8.0,8.0,2.999999997,0.999999999,0.0,0.0,0.999999999,7.999999991999999,0.0,2.0,0.0,0.0,,0.0,2.0,0.0,0.0,0.0,0.0,0.0,0.0,1.0,0.0,1.999999998,0.0,0.0,0.0,False,,False
Chandigarh,2020,0.0,0.0,0.0,1.0,2.0,1.0,1.0,1.0,8.0,8.0,1.999999998,0.999999999,0.0,0.0,0.999999999,7.999999991999999,0.0,-0.3333333333333333,0.0,0.0,,0.0,-1.0,0.0,0.0,0.0,0.0,0.0,0.0,1.0,0.0,1.999999998,0.0,0.0,0.0,False,,False
Chandigarh,2021,0.0,0.0,0.0,1.0,2.0,1.0,1.0,1.0,8.0,8.0,1.999999998,0.999999999,0.0,0.0,0.999999999,7.999999991999999,0.0,0.0,0.0,0.0,,0.0,0.0,0.0,0.0,0.0,0.0,0.0,0.0,1.0,0.0,2.333333331,0.0,0.0,0.0,False,,False
Chandigarh,2022,0.0,0.0,0.0,1.0,2.0,1.0,1.0,1.0,8.0,8.0,1.999999998,0.999999999,0.0,0.0,0.999999999,7.999999991999999,0.0,0.0,0.0,0.0,,0.0,0.0,0.0,0.0,0.0,0.0,0.0,0.0,1.0,0.0,1.999999998,0.0,0.0,0.0,False,,False
Chandigarh,2023,0.0,0.0,0.0,1.0,1.0,0.0,1.0,1.0,8.0,8.0,0.999999999,0.0,0.0,0.0,0.999999999,7.999999991999999,0.0,-0.5,0.0,0.0,,0.0,-1.0,0.0,0.0,0.0,0.0,0.0,0.0,1.0,0.0,1.666666665,0.0,0.0,0.0,False,,False
Chandigarh,2024,0.0,0.0,0.0,1.0,2.0,1.0,1.0,1.0,6.0,6.0,1.999999998,0.999999999,0.0,0.0,0.999999999,5.999999994,0.0,1.0,0.0,0.0,,0.0,1.0,0.0,0.0,0.0,0.0,0.0,0.0,1.0,0.0,1.666666665,0.0,0.0,0.0,False,,False
Chhattisgarh,2015,263.0,281.0,545.0,4651.0,5640.0,989.0,5561.0,4932.0,8228.0,8858.0,1.2126424424852262,0.2126424424854412,0.0980039561229818,0.050530480129464,0.8868908469698099,1.5928789786006845,,,,,,,,,,,0.0,0.0,0.0,5561.0,545.0,1.2126424424852262,0.0,0.0,0.0,False,,False
Chhattisgarh,2016,257.0,273.0,530.0,4664.0,5673.0,1009.0,5558.0,4937.0,8232.0,8853.0,1.2163379073753824,0.2163379073755968,0.0953580424612998,0.049118387909311,0.8882691615687498,1.5928391507733728,0.0027950978284239,0.0058510638297872,-0.0005394713181082,0.0010137875101379,-0.0275229357798164,13.0,33.0,-3.0,5.0,-15.0,-0.0005394713181081,0.0027950978284233,-0.027522935779766,5559.5,537.5,1.2144901749303043,0.0,0.0,0.0,False,,False
Chhattisgarh,2017,252.0,290.0,542.0,4653.0,5540.0,887.0,5562.0,4943.0,8228.0,8847.0,1.1906297012677431,0.1906297012679581,0.0974469615246139,0.0521395181589262,0.8887090974468017,1.5906148867311054,-0.0023584905660377,-0.0234443856865855,0.0007196833393305,0.0012153129430827,0.0226415094339622,-11.0,-133.0,4.0,6.0,12.0,0.0001798237727027,0.0004300150505266,-0.0055045871559532,5560.333333333333,539.0,1.2065366837094509,0.0,0.0,0.0,False,,False
Chhattisgarh,2018,256.0,266.0,522.0,4679.0,5614.0,934.0,5570.0,4945.0,8218.0,8843.0,1.1998290232953197,0.1996153024150032,0.0937163375224248,0.0477558348294348,0.8877917414720129,1.587612208258243,0.0055877928218353,0.0133574007220216,0.0014383315354189,0.0004046125834513,-0.03690036900369,26.0,74.0,8.0,2.0,-20.0,0.0016184139543244,0.0060202107073734,-0.0422018348623078,5563.333333333333,531.3333333333334,1.2022655439794818,0.0,0.0,0.0,False,,False
Chhattisgarh,2019,256.0,291.0,547.0,4635.0,5735.0,1099.0,5551.0,4926.0,8237.0,8862.0,1.2373247033438537,0.2371089536137568,0.0985408034588184,0.0524229868492069,0.8874076742927602,1.5964691046655382,-0.0094037187433212,0.0215532597078731,-0.0034111310592459,-0.0038422649140545,0.0478927203065133,-44.0,121.0,-19.0,-19.0,25.0,-0.0017982377270271,-0.0034401204042134,0.0036697247706354,5561.0,537.0,1.2092611426356388,0.0,0.0,0.0,False,,False
Chhattisgarh,2020,255.0,301.0,556.0,4623.0,5712.0,1090.0,5542.0,4923.0,8503.0,9121.0,1.2355613238154366,0.235777633571223,0.1003247924936664,0.0543125225550244,0.8883074702271944,1.64579574160923,-0.002588996763754,-0.0040104620749782,-0.0016213294901818,-0.0006090133982947,0.016453382084095,-12.0,-23.0,-9.0,-3.0,9.0,-0.0034166516813516,-0.0060202107073734,0.020183486238495,5554.333333333333,541.6666666666666,1.2242383501515366,0.0,0.0,0.0,False,,False
Chhattisgarh,2021,256.0,280.0,535.0,4631.0,5704.0,1073.0,5552.0,4911.0,8538.0,9180.0,1.23169941697231,0.231699416972526,0.0963616714697232,0.0504322766570514,0.8845461095099271,1.653458213256186,0.0017304780445597,-0.0014005602240896,0.0018044027426922,-0.0024375380865325,-0.0377697841726618,8.0,-8.0,10.0,-12.0,-21.0,-0.0016184139543244,-0.0043001505052667,-0.0183486238531773,5548.333333333333,546.0,1.2348618147105337,0.0,0.0,0.0,False,,False
Chhattisgarh,2022,269.0,311.0,580.0,4592.0,5596.0,1003.0,5556.0,4903.0,8573.0,9226.0,1.2186411149823129,0.2184233449476876,0.1043916486680877,0.0559755219582332,0.8824694024476453,1.6605471562272027,-0.0084215072338588,-0.0189340813464236,0.0007204610951008,-0.0016289961311342,0.0841121495327101,-39.0,-108.0,4.0,-8.0,45.0,-0.0008991188635135,-0.0126854439905369,0.0642201834861207,5550.0,557.0,1.2286339519233531,0.0,0.0,0.0,False,,False
Chhattisgarh,2023,255.0,297.0,552.0,4616.0,5524.0,907.0,5554.0,4913.0,8578.0,9219.0,1.196707105718978,0.1964904679375657,0.0993878285919878,0.0534749729924282,0.8845876845515152,1.6598847677346669,0.005226480836237,-0.0128663330950679,-0.0003599712023037,0.0020395676116662,-0.0482758620689655,24.0,-72.0,-2.0,10.0,-28.0,-0.001258766408919,-0.0075252633842168,0.0128440366972241,5554.0,555.6666666666666,1.2156825458912002,0.0,0.0,0.0,False,,False
Chhattisgarh,2024,263.0,287.0,550.0,4624.0,5543.0,919.0,5564.0,4910.0,8563.0,9217.0,1.198745674740225,0.1987456747404414,0.0988497483824408,0.05158159597411,0.882458662832336,1.6565420560744686,0.0017331022530329,0.0034395365677044,0.0018005041411595,-0.0006106248727865,-0.0036231884057971,8.0,19.0,10.0,-3.0,-2.0,0.0005394713181081,-0.0058052031821101,0.0091743119265886,5558.0,560.6666666666666,1.204697965147172,0.0,0.0,0.0,False,,False
Dadra & Nagar Haveli,2015,2.0,2.0,4.0,19.0,23.0,5.0,24.0,21.0,25.0,28.0,1.2105263157257615,0.2631578947229916,0.1666666666597222,0.0833333333298611,0.8749999999635417,1.1666666666180556,,,,,,,,,,,0.0,0.0,0.0,24.0,4.0,1.2105263157257615,0.0,0.0,0.0,False,,False
Dadra & Nagar Haveli,2016,2.0,2.0,5.0,19.0,23.0,4.0,24.0,21.0,25.0,28.0,1.2105263157257615,0.2105263157783933,0.2083333333246528,0.0833333333298611,0.8749999999635417,1.1666666666180556,0.0,0.0,0.0,0.0,0.25,0.0,0.0,0.0,0.0,1.0,0.0,0.0,0.2499999999375,24.0,4.5,1.2105263157257615,0.0,0.0,0.0,False,,False
Dadra & Nagar Haveli,2017,2.0,2.0,4.0,19.0,23.0,4.0,24.0,21.0,25.0,28.0,1.2105263157257615,0.2105263157783933,0.1666666666597222,0.0833333333298611,0.8749999999635417,1.1666666666180556,0.0,0.0,0.0,0.0,-0.1999999999999999,0.0,0.0,0.0,0.0,-1.0,0.0,0.0,0.0,24.0,4.333333333333333,1.2105263157257615,0.0,0.0,0.0,False,,False
Dadra & Nagar Haveli,2018,0.0,0.0,0.0,20.0,20.0,0.0,20.0,20.0,24.0,24.0,0.99999999995,0.0,0.0,0.0,0.99999999995,1.19999999994,0.0526315789473683,-0.1304347826086956,-0.1666666666666666,-0.0476190476190476,-1.0,1.0,-3.0,-4.0,-1.0,-4.0,-0.1666666666597222,0.0526315789445983,-0.99999999975,22.666666666666668,3.0,1.140350877133841,0.0,0.0,0.0,False,,False
Daman & Diu,2015,0.0,0.0,0.0,3.0,3.0,0.0,3.0,3.0,0.0,0.0,0.9999999996666666,0.0,0.0,0.0,0.9999999996666666,0.0,,,,,,,,,,,0.0,0.0,0.0,3.0,0.0,0.9999999996666666,0.0,0.0,0.0,False,,False
Daman & Diu,2016,0.0,0.0,0.0,3.0,3.0,0.0,3.0,3.0,0.0,0.0,0.9999999996666666,0.0,0.0,0.0,0.9999999996666666,0.0,0.0,0.0,0.0,0.0,,0.0,0.0,0.0,0.0,0.0,0.0,0.0,0.0,3.0,0.0,0.9999999996666666,0.0,0.0,0.0,False,,False
Daman & Diu,2017,0.0,0.0,0.0,3.0,3.0,0.0,3.0,3.0,0.0,0.0,0.9999999996666666,0.0,0.0,0.0,0.9999999996666666,0.0,0.0,0.0,0.0,0.0,,0.0,0.0,0.0,0.0,0.0,0.0,0.0,0.0,3.0,0.0,0.9999999996666666,0.0,0.0,0.0,False,,False
Daman & Diu,2018,0.0,0.0,0.0,3.0,3.0,0.0,3.0,3.0,0.0,0.0,0.9999999996666666,0.0,0.0,0.0,0.9999999996666666,0.0,0.0,0.0,0.0,0.0,,0.0,0.0,0.0,0.0,0.0,0.0,0.0,0.0,3.0,0.0,0.9999999996666666,0.0,0.0,0.0,False,,False
Delhi,2015,8.0,12.0,20.0,22.0,58.0,37.0,53.0,34.0,95.0,114.0,2.636363636243801,1.6818181817417357,0.3773584905589178,0.2264150943353506,0.6415094339501602,2.1509433961858315,,,,,,,,,,,0.0,0.0,0.0,53.0,20.0,2.636363636243801,0.0,0.0,0.0,False,,False
Delhi,2016,8.0,12.0,20.0,22.0,57.0,35.0,53.0,34.0,95.0,114.0,2.5909090907913224,1.590909090836777,0.3773584905589178,0.2264150943353506,0.6415094339501602,2.1509433961858315,0.0,-0.0172413793103448,0.0,0.0,0.0,0.0,-1.0,0.0,0.0,0.0,0.0,0.0,0.0,53.0,20.0,2.613636363517562,0.0,0.0,0.0,False,,False
Delhi,2017,8.0,12.0,20.0,22.0,59.0,37.0,53.0,34.0,95.0,114.0,2.681818181696281,1.6818181817417357,0.3773584905589178,0.2264150943353506,0.6415094339501602,2.1509433961858315,0.0,0.0350877192982457,0.0,0.0,0.0,0.0,2.0,0.0,0.0,0.0,0.0,0.0,0.0,53.0,20.0,2.636363636243801,0.0,0.0,0.0,False,,False
Delhi,2018,8.0,12.0,20.0,22.0,59.0,37.0,53.0,34.0,95.0,114.0,2.681818181696281,1.6818181817417357,0.3773584905589178,0.2264150943353506,0.6415094339501602,2.1509433961858315,0.0,0.0,0.0,0.0,0.0,0.0,0.0,0.0,0.0,0.0,0.0,0.0,0.0,53.0,20.0,2.651515151394628,0.0,0.0,0.0,False,,False
Delhi,2020,8.0,12.0,20.0,22.0,58.0,37.0,53.0,34.0,113.0,132.0,2.636363636243801,1.6818181817417357,0.3773584905589178,0.2264150943353506,0.6415094339501602,2.490566037688857,0.0,-0.0169491525423728,0.0,0.0,0.0,0.0,-1.0,0.0,0.0,0.0,0.0,0.0,0.0,53.0,20.0,2.6666666665454546,0.0,0.0,0.0,False,,False
Delhi,2024,19.0,0.0,19.0,28.0,47.0,19.0,58.0,28.0,93.0,123.0,1.6785714285114797,0.6785714285471939,0.3275862068909037,0.0,0.4827586206813318,2.1206896551358505,0.2727272727272727,-0.1896551724137931,0.0943396226415094,-0.1764705882352941,-0.05,6.0,-11.0,5.0,-6.0,-1.0,0.0943396226397294,0.272727272714876,-0.0499999999975,54.66666666666666,19.666666666666668,2.332251082150521,0.0,0.0,0.0,False,,False
Goa,2020,4.0,5.0,8.0,126.0,144.0,18.0,140.0,131.0,221.0,230.0,1.1428571428480725,0.142857142856009,0.0571428571424489,0.0357142857140306,0.935714285707602,1.6428571428454082,,,,,,,,,,,0.0,0.0,0.0,140.0,8.0,1.1428571428480725,0.0,0.0,0.0,False,,False
Goa,2021,4.0,5.0,8.0,127.0,144.0,18.0,141.0,131.0,221.0,230.0,1.1338582677076074,0.1417322834634509,0.0567375886520798,0.0354609929075499,0.929078014177808,1.6312056737472966,0.0079365079365079,0.0,0.0071428571428571,0.0,0.0,1.0,0.0,1.0,0.0,0.0,0.0071428571428061,0.0079365079364449,0.0,140.5,8.0,1.13835770527784,0.0,0.0,0.0,False,,False
Goa,2022,4.0,5.0,8.0,126.0,144.0,18.0,139.0,130.0,221.0,230.0,1.1428571428480725,0.142857142856009,0.0575539568341183,0.0359712230213239,0.9352517985544228,1.6546762589809016,-0.0078740157480314,0.0,-0.0141843971631205,-0.0076335877862595,0.0,-1.0,0.0,-2.0,-1.0,0.0,-0.0071428571428061,0.0,0.0,140.0,8.0,1.1398575178012509,0.0,0.0,0.0,False,,False
Goa,2023,4.0,5.0,8.0,127.0,145.0,19.0,141.0,131.0,220.0,229.0,1.141732283455577,0.1496062992114204,0.0567375886520798,0.0354609929075499,0.929078014177808,1.6241134751657866,0.0079365079365079,0.0069444444444444,0.014388489208633,0.0076923076923076,0.0,1.0,1.0,2.0,1.0,0.0,0.0071428571428061,0.0079365079364449,0.0,140.33333333333334,8.0,1.139482564670419,0.0,0.0,0.0,False,,False
Gujarat,2015,19602.0,18810.0,2106.0,1363.0,2108.0,3472.0,804.0,2.0,1959.0,2766.0,1.5465884079225631,2.547322083637163,2.619402985071369,23.395522388030603,0.0024875621890516,3.440298507458408,,,,,,,,,,,0.0,0.0,0.0,804.0,2106.0,1.5465884079225631,0.0,0.0,0.0,False,,False
Gujarat,2016,19602.0,18810.0,2109.0,1376.0,2074.0,3450.0,802.0,5.0,1933.0,2741.0,1.5072674418593697,2.507267441858643,2.6296758104705367,23.45386533662911,0.0062344139650795,3.4177057356565865,0.0095377842993396,-0.0161290322580645,-0.0024875621890547,1.5,0.0014245014245013,13.0,-34.0,-2.0,3.0,3.0,-0.0024875621890516,0.0095377842993326,0.0014245014245007,803.0,2107.5,1.5269279248909664,0.0,0.0,0.0,False,,False
Gujarat,2017,19602.0,18810.0,2121.0,1402.0,2069.0,3471.0,804.0,5.0,1923.0,2732.0,1.4757489300988047,2.475748930098092,2.638059701489256,23.395522388030603,0.006218905472629,3.39800995024453,0.0188953488372092,-0.002410800385728,0.0024937655860348,0.0,0.0056899004267425,26.0,-5.0,2.0,0.0,12.0,0.0,0.028613352897998,0.0071225071225037,803.3333333333334,2112.0,1.509868259960246,0.0,0.0,0.0,False,,False
Gujarat,2018,19602.0,18810.0,2118.0,1416.0,2077.0,3492.0,803.0,4.0,1903.0,2711.0,1.4668079096034838,2.4661016949135126,2.637608966372805,23.424657534217403,0.0049813200498069,3.376089663756692,0.0099857346647647,0.0038666022232962,-0.0012437810945273,-0.1999999999999999,-0.0014144271570014,14.0,8.0,-1.0,-1.0,-3.0,-0.0012437810945258,0.038884812912664,0.0056980056980029,803.0,2116.0,1.4832747605205527,0.0,0.0,0.0,False,,False
Gujarat,2019,19624.0,18810.0,2119.0,1420.0,2077.0,3496.0,807.0,4.0,1901.0,2712.0,1.462676056336998,2.4619718309841816,2.6257744733548627,23.308550185844723,0.0049566294919393,3.3605947955348694,0.002824858757062,0.0,0.0049813200498132,0.0,0.0004721435316337,4.0,0.0,4.0,0.0,1.0,0.0037313432835774,0.0418195157739972,0.0061728395061699,804.6666666666666,2119.333333333333,1.468410965346429,0.0,0.0,0.0,False,,False
Gujarat,2020,19624.0,18810.0,2051.0,1423.0,2087.0,3510.0,787.0,11.0,1876.0,2674.0,1.4666198172863902,2.466619817285688,2.606099110543067,23.900889453590977,0.0139771283354333,3.397712833540791,0.0021126760563381,0.0048146364949446,-0.0247831474597274,1.75,-0.0320906087777252,3.0,10.0,-20.0,7.0,-68.0,-0.0211442786069388,0.044020542919997,-0.0261158594491803,799.0,2096.0,1.4653679277422906,0.0,0.0,0.0,False,,False
Gujarat,2021,19624.0,18810.0,2052.0,1462.0,2080.0,3542.0,788.0,10.0,1917.0,2716.0,1.4227086183300803,2.422708618329396,2.604060913702279,23.870558375604222,0.0126903553299331,3.44670050760984,0.0274068868587491,-0.0033540967896502,0.0012706480304955,-0.0909090909090909,0.000487567040468,39.0,-7.0,1.0,-1.0,1.0,-0.019900497512413,0.0726338958179951,-0.0256410256410134,794.0,2074.0,1.4506681639844894,0.0,0.0,0.0,False,,False
Gujarat,2022,19624.0,18810.0,2058.0,1520.0,2078.0,3597.0,787.0,9.0,1766.0,2562.0,1.367105263156995,2.366447368419496,2.614993646756525,23.900889453590977,0.0114358322744454,3.25540025412547,0.039671682626539,-0.0009615384615384,-0.0012690355329949,-0.0999999999999999,0.0029239766081872,58.0,-2.0,-1.0,-1.0,6.0,-0.0211442786069388,0.1151870873073256,-0.0227920227920119,787.3333333333334,2053.6666666666665,1.4188112329244886,0.0,0.0,0.0,False,,False
Gujarat,2023,19624.0,18810.0,2058.0,1573.0,2077.0,3649.0,785.0,9.0,1721.0,2514.0,1.320406865860572,2.3197711379514816,2.6216560509520743,23.96178343945992,0.0114649681528516,3.2025477706965573,0.0348684210526315,-0.0004812319538017,-0.002541296060991,0.0,0.0,53.0,-1.0,-2.0,0.0,0.0,-0.0236318407959905,0.1540719002199896,-0.0227920227920119,786.6666666666666,2056.0,1.3700735824492158,0.0,0.0,0.0,False,,False
Gujarat,2024,19624.0,18810.0,2081.0,1612.0,2099.0,3711.0,785.0,9.0,1724.0,2518.0,1.3021091811406311,2.302109181140011,2.650955414009362,23.96178343945992,0.0114649681528516,3.2076433120978245,0.0247933884297519,0.010592200288878,0.0,0.0,0.0111758989310009,39.0,22.0,0.0,0.0,23.0,-0.0236318407959905,0.1826852531179877,-0.0118708452041729,785.6666666666666,2065.6666666666665,1.3298737700527328,0.0,0.0,0.0,False,,False
Haryana,2015,4421.0,4371.0,41.0,395.0,113.0,508.0,25.0,8.0,44.0,78.0,0.2860759493663644,1.2860759493638327,1.6399999999344,174.8399999930064,0.3199999999872,3.1199999998752,,,,,,,,,,,0.0,0.0,0.0,25.0,41.0,0.2860759493663644,0.0,0.0,0.0,False,,False
Haryana,2016,4421.0,4371.0,40.0,436.0,128.0,564.0,24.0,8.0,35.0,68.0,0.2935779816507028,1.2935779816484092,1.6666666665972223,182.12499999241143,0.3333333333194444,2.8333333332152777,0.1037974683544304,0.1327433628318584,-0.04,0.0,-0.024390243902439,41.0,15.0,-1.0,0.0,-1.0,-0.0399999999984,0.1037974683541676,-0.0243902439018441,24.5,40.5,0.2898269655085336,0.0,0.0,0.0,False,,False
Haryana,2017,4421.0,4371.0,36.0,436.0,117.0,553.0,24.0,6.0,49.0,79.0,0.2683486238525955,1.268348623850302,1.4999999999375,182.12499999241143,0.2499999999895833,3.291666666529514,0.0,-0.0859375,0.0,-0.25,-0.0999999999999999,0.0,-11.0,0.0,-2.0,-4.0,-0.0399999999984,0.1037974683541676,-0.1219512195092207,24.33333333333333,39.0,0.2826675182898876,0.0,0.0,0.0,False,,False
Haryana,2018,4421.0,4371.0,35.0,156.0,289.0,445.0,74.0,21.0,54.0,149.0,1.8525641025522277,2.8525641025458173,0.4729729729665814,59.06756756676936,0.2837837837799488,2.013513513486304,-0.6422018348623852,1.4700854700854702,2.083333333333333,2.5,-0.0277777777777777,-280.0,172.0,50.0,15.0,-1.0,1.9599999999216,-0.6050632911377087,-0.1463414634110648,40.66666666666666,37.0,0.8048302360185086,0.0,0.0,0.0,False,,False
Haryana,2019,4421.0,4371.0,36.0,166.0,199.0,366.0,175.0,34.0,63.0,273.0,1.19879518071567,2.204819277095152,0.2057142857131102,24.97714285700013,0.1942857142846041,1.559999999991086,0.0641025641025641,-0.3114186851211072,1.364864864864865,0.6190476190476191,0.0285714285714284,10.0,-90.0,101.0,13.0,1.0,5.99999999976,-0.5797468354415702,-0.1219512195092207,91.0,35.666666666666664,1.1065693023734977,0.0,0.0,0.0,False,,False
Haryana,2020,4421.0,4371.0,32.0,168.0,171.0,339.0,153.0,37.0,65.0,255.0,1.0178571428510843,2.017857142845132,0.2091503267960186,28.56862745079367,0.2418300653578965,1.6666666666557737,0.0120481927710842,-0.1407035175879397,-0.1257142857142856,0.0882352941176469,-0.1111111111111111,2.0,-28.0,-22.0,3.0,-4.0,5.1199999997952,-0.5746835443023426,-0.2195121951165972,134.0,34.333333333333336,1.356405475372994,0.0,0.0,0.0,False,,False
Haryana,2021,4421.0,4371.0,32.0,168.0,171.0,339.0,153.0,37.0,65.0,255.0,1.0178571428510843,2.017857142845132,0.2091503267960186,28.56862745079367,0.2418300653578965,1.6666666666557737,0.0,0.0,0.0,0.0,0.0,0.0,0.0,0.0,0.0,0.0,5.1199999997952,-0.5746835443023426,-0.2195121951165972,160.33333333333334,33.333333333333336,1.0781698221392797,0.0,0.0,0.0,False,,False
Haryana,2022,4421.0,4354.0,31.0,154.0,138.0,292.0,81.0,36.0,122.0,239.0,0.8961038960980773,1.896103896091584,0.3827160493779911,53.75308641908946,0.4444444444389575,2.9506172839141898,-0.0833333333333333,-0.1929824561403509,-0.4705882352941176,-0.0270270270270269,-0.03125,-14.0,-33.0,-72.0,-1.0,-1.0,2.2399999999104,-0.6101265822769364,-0.2439024390184414,129.0,31.666666666666668,0.9772727272667486,0.0,0.0,0.0,False,,False
Haryana,2023,4421.0,4317.0,31.0,187.0,183.0,370.0,63.0,28.0,103.0,194.0,0.978609625663216,1.9786096256578685,0.4920634920556815,68.52380952272185,0.4444444444373898,3.079365079316201,0.2142857142857142,0.326086956521739,-0.2222222222222222,-0.2222222222222222,0.0,33.0,45.0,-18.0,-8.0,0.0,1.5199999999392,-0.5265822784796795,-0.2439024390184414,99.0,31.33333333333333,0.9641902215374591,0.0,0.0,0.0,False,,False
Haryana,2024,4421.0,4425.0,30.0,155.0,162.0,317.0,48.0,181.0,103.0,332.0,1.0451612903158378,2.045161290309386,0.6249999999869792,92.18749999807945,3.770833333254775,6.91666666652257,-0.1711229946524064,-0.1147540983606557,-0.2380952380952381,5.464285714285714,-0.032258064516129,-32.0,-21.0,-15.0,153.0,-1.0,0.9199999999632,-0.6075949367073226,-0.2682926829202856,64.0,30.666666666666668,0.9732916040257104,0.0,0.0,0.0,False,,False
Himachal Pradesh,2015,5567.0,4577.0,1127.0,359.0,774.0,1132.0,1502.0,69.0,119.0,1690.0,2.155988857932713,3.153203342609601,0.7503328894801928,3.0472703062562934,0.045938748335522,1.125166444739597,,,,,,,,,,,0.0,0.0,0.0,1502.0,1127.0,2.155988857932713,0.0,0.0,0.0,False,,False
Himachal Pradesh,2016,5567.0,4578.0,1125.0,352.0,779.0,1131.0,1508.0,67.0,122.0,1696.0,2.2130681818118947,3.213068181809054,0.7460212201586565,3.0358090185656263,0.0444297082227822,1.124668435012517,-0.0194986072423398,0.0064599483204135,0.0039946737683089,-0.0289855072463768,-0.0017746228926353,-7.0,5.0,6.0,-2.0,-2.0,0.0039946737683062,-0.0194986072422855,-0.0017746228926337,1505.0,1126.0,2.184528519872304,0.0,0.0,0.0,False,,False
Himachal Pradesh,2017,5567.0,4577.0,1124.0,359.0,777.0,1136.0,1501.0,68.0,120.0,1689.0,2.1643454038936927,3.164345403890908,0.7488341105924392,3.0493004663537318,0.0453031312458059,1.1252498334436207,0.0198863636363635,-0.0025673940949936,-0.0046419098143235,0.0149253731343284,-0.0008888888888889,7.0,-2.0,-7.0,1.0,-1.0,-0.0006657789613843,0.0,-0.0026619343389506,1503.6666666666667,1125.3333333333333,2.1778008145461,0.0,0.0,0.0,False,,False
Himachal Pradesh,2018,5567.0,4577.0,1125.0,358.0,774.0,1133.0,1502.0,71.0,120.0,1692.0,2.1620111731783185,3.1648044692649027,0.7490013315574241,3.0472703062562934,0.0472703062582907,1.126498002662366,-0.0027855153203342,-0.0038610038610038,0.0006662225183211,0.0441176470588235,0.0008896797153024,-1.0,-3.0,1.0,3.0,1.0,0.0,-0.0027855153203265,-0.0017746228926337,1503.6666666666667,1124.6666666666667,2.1798082529613017,0.0,0.0,0.0,False,,False
Himachal Pradesh,2019,5567.0,4577.0,1123.0,366.0,767.0,1133.0,1500.0,70.0,118.0,1688.0,2.095628415294821,3.0956284152920883,0.7486666666661675,3.051333333331299,0.0466666666666355,1.1253333333325832,0.0223463687150837,-0.0090439276485788,-0.0013315579227696,-0.0140845070422535,-0.0017777777777777,8.0,-7.0,-2.0,-1.0,-2.0,-0.0013315579227687,0.0194986072422855,-0.0035492457852674,1501.0,1124.0,2.1406616641222773,0.0,0.0,0.0,False,,False
Himachal Pradesh,2020,5567.0,4578.0,1124.0,365.0,766.0,1131.0,1503.0,68.0,125.0,1695.0,2.098630136980552,3.098630136977812,0.7478376580168011,3.045908183630708,0.0452428476380271,1.1277445109772937,-0.0027322404371584,-0.0013037809647978,0.002,-0.0285714285714285,0.0008904719501334,-1.0,-1.0,3.0,-2.0,1.0,0.0006657789613843,0.016713091921959,-0.0026619343389506,1501.6666666666667,1124.0,2.1187565751512305,0.0,0.0,0.0,False,,False
Himachal Pradesh,2021,5567.0,4577.0,1144.0,366.0,771.0,1137.0,1466.0,70.0,130.0,1665.0,2.106557377043425,3.1065573770406925,0.7803547066843245,3.1221009549774066,0.0477489768076072,1.1357435197809442,0.0027397260273973,0.0065274151436032,-0.0246174318030605,0.0294117647058822,0.0177935943060498,1.0,5.0,-37.0,2.0,20.0,-0.0239680426098375,0.0194986072422855,0.0150842945873867,1489.6666666666667,1130.3333333333333,2.100271976439599,0.0,0.0,0.0,False,,False
Himachal Pradesh,2022,5567.0,4578.0,1144.0,362.0,771.0,1133.0,1458.0,70.0,131.0,1659.0,2.129834254137763,3.1298342541350004,0.7846364883396539,3.1399176954710977,0.0480109739368669,1.1378600823037464,-0.0109289617486338,0.0,-0.0054570259208731,0.0,0.0,-4.0,0.0,-8.0,0.0,0.0,-0.0292942743009125,0.0083565459609795,0.0150842945873867,1475.6666666666667,1137.3333333333333,2.11167392272058,0.0,0.0,0.0,False,,False
Himachal Pradesh,2023,5567.0,4579.0,1144.0,370.0,776.0,1146.0,1461.0,71.0,135.0,1667.0,2.097297297291629,3.097297297288926,0.783025325119245,3.134154688567328,0.0485968514715615,1.1409993155365223,0.022099447513812,0.0064850843060959,0.0020576131687242,0.0142857142857142,0.0,8.0,5.0,3.0,1.0,0.0,-0.0272969374167594,0.0306406685235915,0.0150842945873867,1461.6666666666667,1144.0,2.1112296428242723,0.0,0.0,0.0,False,,False
Himachal Pradesh,2024,5567.0,4582.0,1147.0,369.0,780.0,1149.0,1461.0,71.0,133.0,1665.0,2.1138211382056538,3.1138211382029435,0.7850787132095927,3.136208076657676,0.0485968514715615,1.1396303901429572,-0.0027027027027026,0.0051546391752577,0.0,0.0,0.0026223776223777,-1.0,4.0,0.0,0.0,3.0,-0.0272969374167594,0.027855153203265,0.0177462289263374,1460.0,1145.0,2.113650896545016,0.0,0.0,0.0,False,,False
Jammu & Kashmir,2015,20.0,114.0,134.0,754.0,1159.0,405.0,1077.0,868.0,2981.0,3189.0,1.5371352785125505,0.5371352785138764,0.1244196843081481,0.1058495821726036,0.8059424326826314,2.961002785512571,,,,,,,,,,,0.0,0.0,0.0,1077.0,134.0,1.5371352785125505,0.0,0.0,0.0,False,,False
Jammu & Kashmir,2016,22.0,101.0,124.0,757.0,1177.0,420.0,1078.0,858.0,2980.0,3199.0,1.5548216644629396,0.5548216644642605,0.1150278293134369,0.0936920222633639,0.7959183673462005,2.967532467529715,0.0039787798408488,0.0155306298533217,0.0009285051067779,-0.0115207373271889,-0.0746268656716417,3.0,18.0,1.0,-10.0,-10.0,0.0009285051067772,0.0039787798408435,-0.0746268656710848,1077.5,129.0,1.545978471487745,0.0,0.0,0.0,False,,False
Jammu & Kashmir,2017,26.0,105.0,131.0,752.0,1165.0,413.0,1081.0,857.0,3039.0,3263.0,1.5492021276575143,0.5492021276588441,0.1211840888065483,0.0971322849212792,0.7927844588336792,3.018501387601278,-0.0066050198150594,-0.0101954120645709,0.0027829313543599,-0.0011655011655011,0.0564516129032257,-5.0,-12.0,3.0,-1.0,7.0,0.0037140204271089,-0.0026525198938956,-0.0223880597013254,1078.6666666666667,129.66666666666666,1.5470530235443347,0.0,0.0,0.0,False,,False
Jammu & Kashmir,2018,36.0,121.0,157.0,713.0,1124.0,411.0,1091.0,835.0,3038.0,3295.0,1.576437587655573,0.5764375876569755,0.1439046746103172,0.1109074243811999,0.7653528872586935,3.020164986248377,-0.0518617021276596,-0.0351931330472102,0.0092506938020351,-0.0256709451575262,0.1984732824427482,-39.0,-41.0,10.0,-22.0,26.0,0.0129990714948811,-0.0543766578248615,0.1716417910434952,1083.3333333333333,137.33333333333334,1.5601537932586755,0.0,0.0,0.0,False,,False
Jammu & Kashmir,2019,37.0,97.0,135.0,720.0,1090.0,370.0,1071.0,817.0,2774.0,3028.0,1.5138888888867863,0.5138888888881752,0.1260504201679495,0.0905695611577118,0.7628384687201094,2.827264239026305,0.0098176718092566,-0.0302491103202846,-0.0183318056828597,-0.0215568862275449,-0.1401273885350318,7.0,-34.0,-20.0,-18.0,-22.0,-0.0055710306406633,-0.0450928381962266,0.0074626865671084,1081.0,141.0,1.5465095347332911,0.0,0.0,0.0,False,,False
Jammu & Kashmir,2020,38.0,82.0,120.0,736.0,1112.0,376.0,1074.0,818.0,2771.0,3028.0,1.5108695652153386,0.5108695652166972,0.1117318435753149,0.0763500931097985,0.7616387337050636,2.819366852883781,0.0222222222222221,0.0201834862385321,0.0028011204481792,0.0012239902080783,-0.1111111111111111,16.0,22.0,3.0,1.0,-15.0,-0.0027855153203316,-0.0238726790450611,-0.1044776119395188,1078.6666666666667,137.33333333333334,1.5337320139192323,0.0,0.0,0.0,False,,False
Jammu & Kashmir,2021,37.0,88.0,125.0,733.0,1134.0,401.0,1075.0,821.0,2768.0,3023.0,1.5470668485654202,0.5470668485667843,0.1162790697673337,0.0818604651162029,0.7637209302318477,2.812093023253198,-0.0040760869565217,0.0197841726618706,0.0009310986964619,0.0036674816625916,0.0416666666666667,-3.0,22.0,1.0,3.0,5.0,-0.0018570102135544,-0.0278514588859047,-0.0671641791039763,1073.3333333333333,126.66666666666669,1.5239417675558482,0.0,0.0,0.0,False,,False
Jammu & Kashmir,2022,37.0,98.0,136.0,733.0,1134.0,400.0,1094.0,832.0,2763.0,3026.0,1.5470668485654202,0.5457025920865679,0.124314442413049,0.0895795246799912,0.7605118829974767,2.765996343690342,0.0,0.0,0.0176744186046511,0.0133982947624846,0.088,0.0,0.0,19.0,11.0,11.0,0.0157845868152128,-0.0278514588859047,0.0149253731342169,1081.0,127.0,1.535001087448726,0.0,0.0,0.0,False,,False
Jammu & Kashmir,2023,40.0,95.0,134.0,738.0,1126.0,388.0,1095.0,833.0,2771.0,3033.0,1.525745257450507,0.5257452574518622,0.1223744292236325,0.0867579908675006,0.7607305936066112,2.7698630136961007,0.0068212824010913,-0.0070546737213403,0.0009140767824498,0.0012019230769231,-0.0147058823529411,5.0,-8.0,1.0,1.0,-2.0,0.01671309192199,-0.0212201591511654,0.0,1088.0,131.66666666666666,1.5399596515271157,0.0,0.0,0.0,False,,False
Jammu & Kashmir,2024,41.0,102.0,143.0,729.0,1128.0,399.0,1097.0,831.0,1273.0,1539.0,1.547325102878536,0.5473251028799077,0.1303555150409021,0.0929808568823218,0.7575205104824453,1.4029170464891496,-0.0121951219512195,0.0017761989342806,0.0018264840182649,-0.0024009603841537,0.0671641791044777,-9.0,2.0,2.0,-2.0,9.0,0.0185701021355445,-0.033156498673696,0.0671641791039763,1095.3333333333333,137.66666666666666,1.5400457362981543,0.0,0.0,0.0,False,,False
Jharkhand,2015,7972.0,7970.0,2239.0,716.0,586.0,1302.0,116.0,100.0,363.0,579.0,0.8184357541888011,1.8184357541874048,19.30172413776464,68.70689655113183,0.8620689655098097,4.991379310301799,,,,,,,,,,,0.0,0.0,0.0,116.0,2239.0,0.8184357541888011,0.0,0.0,0.0,False,,False
Jharkhand,2016,7972.0,7970.0,2239.0,670.0,583.0,1253.0,110.0,102.0,352.0,565.0,0.8701492537300446,1.870149253728552,20.35454545436041,72.45454545388678,0.9272727272642974,5.136363636316942,-0.0642458100558659,-0.0051194539249146,-0.0517241379310344,0.02,0.0,-46.0,-3.0,-6.0,2.0,0.0,-0.0517241379305885,-0.0642458100557761,0.0,113.0,2239.0,0.8442925039594229,0.0,0.0,0.0,False,,False
Jharkhand,2017,7972.0,7970.0,2239.0,696.0,584.0,1281.0,127.0,121.0,368.0,616.0,0.8390804597689093,1.840517241376666,17.6299212597037,62.75590551131688,0.952755905504309,4.850393700749209,0.0388059701492538,0.0017152658662091,0.1545454545454545,0.1862745098039215,0.0,26.0,1.0,17.0,19.0,0.0,0.094827586206079,-0.0279329608938157,0.0,117.66666666666669,2239.0,0.8425551558959183,0.0,0.0,0.0,False,,False
Jharkhand,2018,7972.0,7970.0,2239.0,705.0,579.0,1285.0,127.0,146.0,380.0,653.0,0.821276595743516,1.8226950354584075,17.6299212597037,62.75590551131688,1.1496062992035463,5.141732283424081,0.0129310344827586,-0.0085616438356164,0.0,0.2066115702479338,0.0,9.0,-5.0,0.0,25.0,0.0,0.094827586206079,-0.0153631284915986,0.0,121.33333333333331,2239.0,0.8435021030808233,0.0,0.0,0.0,False,,False
Jharkhand,2019,7972.0,7970.0,2239.0,736.0,584.0,1320.0,131.0,144.0,369.0,643.0,0.7934782608684872,1.7934782608671285,17.091603053304645,60.83969465602413,1.099236641212983,4.908396946527417,0.0439716312056737,0.008635578583765,0.0314960629921259,-0.0136986301369863,0.0,31.0,5.0,4.0,-2.0,0.0,0.1293103448264714,0.0279329608938157,0.0,128.33333333333334,2239.0,0.8179451054603041,0.0,0.0,0.0,False,,False
Jharkhand,2020,7972.0,7970.0,2239.0,700.0,580.0,1280.0,132.0,125.0,406.0,663.0,0.8285714285702449,1.8285714285688164,16.962121211992713,60.37878787833047,0.946969696962523,5.022727272689222,-0.0489130434782608,-0.0068493150684931,0.0076335877862594,-0.1319444444444444,0.0,-36.0,-4.0,1.0,-19.0,0.0,0.1379310344815695,-0.0223463687150525,0.0,130.0,2239.0,0.8144420950607493,0.0,0.0,0.0,False,,False
Jharkhand,2021,7972.0,7970.0,2239.0,690.0,586.0,1276.0,131.0,126.0,382.0,640.0,0.8492753623176098,1.8492753623161604,17.091603053304645,60.83969465602413,0.96183206106136,4.885496183168813,-0.0142857142857142,0.0103448275862068,-0.0075757575757575,0.008,0.0,-10.0,6.0,-1.0,1.0,0.0,0.1293103448264714,-0.0363128491619604,0.0,131.33333333333334,2239.0,0.8237750172521139,0.0,0.0,0.0,False,,False
Jharkhand,2022,7972.0,7970.0,2239.0,720.0,568.0,1288.0,131.0,133.0,387.0,652.0,0.7888888888877932,1.7888888888864043,17.091603053304645,60.83969465602413,1.015267175564769,4.9770992366032285,0.0434782608695651,-0.030716723549488,0.0,0.0555555555555555,0.0,30.0,-18.0,0.0,7.0,0.0,0.1293103448264714,0.0055865921787631,0.0,131.33333333333334,2239.0,0.8222452265918827,0.0,0.0,0.0,False,,False
Jharkhand,2023,7972.0,7970.0,2239.0,720.0,568.0,1288.0,131.0,133.0,390.0,655.0,0.7888888888877932,1.7888888888864043,17.091603053304645,60.83969465602413,1.015267175564769,4.999999999961832,0.0,0.0,0.0,0.0,0.0,0.0,0.0,0.0,0.0,0.0,0.1293103448264714,0.0055865921787631,0.0,131.0,2239.0,0.8090177133643989,0.0,0.0,0.0,False,,False
Jharkhand,2024,7972.0,7970.0,2239.0,720.0,568.0,1288.0,131.0,133.0,390.0,655.0,0.7888888888877932,1.7888888888864043,17.091603053304645,60.83969465602413,1.015267175564769,4.999999999961832,0.0,0.0,0.0,0.0,0.0,0.0,0.0,0.0,0.0,0.0,0.1293103448264714,0.0055865921787631,0.0,131.0,2239.0,0.7888888888877932,0.0,0.0,0.0,False,,False
Karnataka,2015,19179.0,19050.0,3073.0,1476.0,793.0,2269.0,907.0,276.0,409.0,1592.0,0.5372628726283623,1.537262872627685,3.3880926130061875,21.00330760747409,0.3042998897460812,1.7552370452020338,,,,,,,,,,,0.0,0.0,0.0,907.0,3073.0,0.5372628726283623,0.0,0.0,0.0,False,1,True
Karnataka,2016,19179.0,19050.0,3073.0,1495.0,793.0,2288.0,905.0,275.0,400.0,1581.0,0.5304347826083409,1.530434782607672,3.3955801104934857,21.04972375688282,0.3038674033145813,1.7469613259649206,0.0128726287262872,0.0,-0.002205071664829,-0.0036231884057971,0.0,19.0,0.0,-2.0,-1.0,0.0,-0.0022050716648266,0.0128726287262785,0.0,906.0,3073.0,0.5338488276183515,1.0,2016.0,81.0,True,0,True
Karnataka,2017,19179.0,19050.0,3073.0,1501.0,793.0,2294.0,905.0,274.0,400.0,1579.0,0.5283144570282956,1.5283144570276297,3.3955801104934857,21.04972375688282,0.302762430938892,1.7447513812135418,0.0040133779264213,0.0,0.0,-0.0036363636363636,0.0,6.0,0.0,0.0,-1.0,0.0,-0.0022050716648266,0.0169376693766822,0.0,905.6666666666666,3073.0,0.5320040374216662,0.0,0.0,0.0,False,1,True
Karnataka,2018,19179.0,19050.0,3073.0,1505.0,769.0,2274.0,872.0,251.0,403.0,1527.0,0.5109634551491622,1.5109634551484976,3.524082568803298,21.846330275204306,0.2878440366969176,1.7511467889888177,0.0026648900732844,-0.030264817150063,-0.03646408839779,-0.083941605839416,0.0,4.0,-24.0,-33.0,-23.0,0.0,-0.0385887541344668,0.0196476964769514,0.0,894.0,3073.0,0.5232375649285995,1.0,2018.0,6.0,True,,False
Karnataka,2019,19179.0,19050.0,3073.0,1511.0,752.0,2263.0,871.0,238.0,390.0,1499.0,0.4976836532094654,1.4976836532088036,3.52812858782603,21.871412169894523,0.273249138920467,1.7210103329486557,0.003986710963455,-0.0221066319895968,-0.0011467889908256,-0.0517928286852589,0.0,6.0,-17.0,-1.0,-13.0,0.0,-0.0396912899668801,0.0237127371273552,0.0,882.6666666666666,3073.0,0.5123205217956411,0.0,0.0,0.0,False,,False
Karnataka,2020,19179.0,19050.0,3073.0,1516.0,743.0,2259.0,872.0,212.0,393.0,1477.0,0.4901055408967743,1.4901055408961148,3.524082568803298,21.846330275204306,0.243119266054767,1.6938073394475988,0.0033090668431501,-0.011968085106383,0.0011481056257176,-0.1092436974789915,0.0,5.0,-9.0,1.0,-26.0,0.0,-0.0385887541344668,0.0271002710026916,0.0,871.6666666666666,3073.0,0.4995842164184673,0.0,0.0,0.0,False,,False
Karnataka,2021,19179.0,19050.0,3074.0,1524.0,742.0,2266.0,874.0,211.0,394.0,1479.0,0.486876640419628,1.486876640418972,3.517162471391857,21.79633867274394,0.2414187643017832,1.692219679631931,0.0052770448548813,-0.0013458950201884,0.0022935779816513,-0.0047169811320755,0.0003254149040026,8.0,-1.0,2.0,-1.0,1.0,-0.0363836824696401,0.03252032520323,0.0003254149040024,872.3333333333334,3073.333333333333,0.4915552781752892,0.0,0.0,0.0,False,,False
Karnataka,2022,19179.0,19050.0,3073.0,1553.0,740.0,2293.0,872.0,178.0,308.0,1358.0,0.4764971023821787,1.4764971023815348,3.524082568803298,21.846330275204306,0.2041284403667383,1.5573394495394983,0.019028871391076,-0.0026954177897574,-0.0022883295194507,-0.1563981042654028,-0.0003253090435914,29.0,-2.0,-2.0,-33.0,-1.0,-0.0385887541344668,0.0521680216801814,0.0,872.6666666666666,3073.333333333333,0.4844930945661936,0.0,0.0,0.0,False,,False
Karnataka,2023,19179.0,19050.0,3073.0,1573.0,740.0,2312.0,872.0,177.0,315.0,1363.0,0.470438652256535,1.4698029243474444,3.524082568803298,21.846330275204306,0.202981651375914,1.5630733944936204,0.0128783000643915,0.0,0.0,-0.0056179775280899,0.0,20.0,0.0,0.0,-1.0,0.0,-0.0385887541344668,0.0657181571815272,0.0,872.6666666666666,3073.333333333333,0.4779374650194472,0.0,0.0,0.0,False,,False
Karnataka,2024,19179.0,19050.0,3073.0,1589.0,740.0,2328.0,872.0,182.0,311.0,1365.0,0.4657016991815823,1.465072372560437,3.524082568803298,21.846330275204306,0.2087155963300359,1.565366972475269,0.0101716465352827,0.0,0.0,0.0282485875706215,0.0,16.0,0.0,0.0,5.0,0.0,-0.0385887541344668,0.0765582655826039,0.0,872.0,3073.0,0.470879151273432,0.0,0.0,0.0,False,,False
Ladakh,2024,1.0,2.0,3.0,22.0,23.0,1.0,32.0,24.0,39.0,47.0,1.0454545454070248,0.0454545454524793,0.0937499999970703,0.0624999999980468,0.7499999999765626,1.4687499999541018,,,,,,,,,,,0.0,0.0,0.0,32.0,3.0,1.0454545454070248,0.0,0.0,0.0,False,,False
Madhya Pradesh,2015,507.0,561.0,1068.0,15149.0,23714.0,8565.0,17250.0,15710.0,13507.0,15046.0,1.565383853719614,0.5653838537196801,0.0619130434782572,0.0325217391304328,0.9107246376811066,0.8722318840579204,,,,,,,,,,,0.0,0.0,0.0,17250.0,1068.0,1.565383853719614,0.0,0.0,0.0,False,,False
Madhya Pradesh,2016,481.0,500.0,981.0,15228.0,24214.0,8986.0,17231.0,15728.0,13525.0,15028.0,1.590097189387865,0.5900971893879308,0.0569322732284802,0.0290174685160449,0.9127734896407108,0.8721490337182478,0.0052148656677009,0.021084591380619,-0.0011014492753622,0.0011457670273711,-0.0814606741573034,79.0,500.0,-19.0,18.0,-87.0,-0.0011014492753622,0.0052148656677004,-0.0814606741572271,17240.5,1024.5,1.5777405215537397,0.0,0.0,0.0,False,,False
Madhya Pradesh,2017,486.0,543.0,1029.0,15191.0,25114.0,9923.0,17207.0,15733.0,13549.0,15023.0,1.6532157198340034,0.6532157198340692,0.0598012436798942,0.031556924507466,0.9143371883535238,0.8730749113732276,-0.0024297346992382,0.0371685801602379,-0.0013928384887702,0.0003179043743641,0.0489296636085627,-37.0,900.0,-24.0,5.0,48.0,-0.0024927536231882,0.0027724602283977,-0.03651685393255,17229.333333333332,1026.0,1.6028989209804942,0.0,0.0,0.0,False,,False
Madhya Pradesh,2018,467.0,493.0,960.0,15205.0,26115.0,10910.0,17121.0,15699.0,13636.0,15058.0,1.7175271292336916,0.7175271292337575,0.0560714911512145,0.0287950470182799,0.916944103732205,0.8795047018281128,0.0009215983147916,0.0398582463964323,-0.0049979659440925,-0.0021610627343799,-0.0670553935860058,14.0,1001.0,-86.0,-34.0,-69.0,-0.0074782608695647,0.0036966136378636,-0.1011235955055233,17186.333333333332,990.0,1.6536133461518532,0.0,0.0,0.0,False,,False
Madhya Pradesh,2019,401.0,374.0,775.0,15512.0,28277.0,12765.0,17183.0,15886.0,13569.0,14866.0,1.822911294481574,0.8229112944816385,0.0451027178024765,0.0217656986556467,0.924518419367926,0.8651574230343441,0.0201907267346268,0.0827876699215011,0.0036212838035161,0.011911586725269,-0.1927083333333333,307.0,2162.0,62.0,187.0,-185.0,-0.0038840579710142,0.0239619776882946,-0.2743445692881326,17170.333333333332,921.3333333333334,1.7312180478497563,0.0,0.0,0.0,False,,False
Madhya Pradesh,2020,356.0,404.0,760.0,15800.0,29903.0,14103.0,17449.0,16204.0,13308.0,14553.0,1.892594936708741,0.8925949367088042,0.0435555046134423,0.0231531892945141,0.928649206258185,0.8340306034729306,0.0185662712738525,0.0575025639212081,0.0154804166909154,0.0200176255822737,-0.0193548387096774,288.0,1626.0,266.0,318.0,-15.0,0.0115362318840573,0.0429731335401648,-0.2883895131083442,17251.0,831.6666666666666,1.8110111201413357,0.0,0.0,0.0,False,,False
Madhya Pradesh,2021,357.0,344.0,701.0,15823.0,30049.0,14226.0,17432.0,16167.0,13324.0,14590.0,1.899070972634652,0.8990709726347154,0.0402134006424942,0.0197338228545192,0.9274323083982946,0.8369664983937106,0.0014556962025316,0.0048824532655586,-0.0009742678663533,-0.0022833868180696,-0.0776315789473683,23.0,146.0,-17.0,-37.0,-59.0,0.0105507246376805,0.0444913855700016,-0.3436329588011764,17354.666666666668,745.3333333333334,1.8715257346083225,0.0,0.0,0.0,False,,False
Madhya Pradesh,2022,351.0,325.0,675.0,15848.0,30117.0,14269.0,17442.0,16172.0,13314.0,14584.0,1.9003659767792844,0.9003659767793475,0.0386996904024745,0.0186331842678581,0.9271872491686202,0.8361426441921318,0.0015799785122923,0.0022629704815468,0.0005736576411197,0.0003092719737738,-0.0370898716119828,25.0,68.0,10.0,5.0,-26.0,0.011130434782608,0.0461416595154765,-0.3679775280895431,17441.0,712.0,1.8973439620408925,0.0,0.0,0.0,False,,False
Madhya Pradesh,2023,401.0,399.0,801.0,15640.0,30265.0,14625.0,17423.0,16039.0,13333.0,14717.0,1.9351023017901576,0.9351023017902216,0.0459737129082221,0.0229007633587773,0.9205647707053366,0.8446880560178589,-0.0131246845027763,0.0049141680778297,-0.0010893246187363,-0.0082240910215186,0.1866666666666667,-208.0,148.0,-19.0,-133.0,126.0,0.0100289855072457,0.0324113802891258,-0.2499999999997659,17432.333333333332,725.6666666666666,1.9115130837346976,0.0,0.0,0.0,False,,False
Madhya Pradesh,2024,402.0,499.0,901.0,15545.0,30109.0,14564.0,17402.0,16044.0,13354.0,14712.0,1.936892891604893,0.9368928916049574,0.0517756579703452,0.0286748649580491,0.9219629927594,0.8454200666589561,-0.0060741687979539,-0.0051544688584173,-0.0012053033346726,0.0003117401334247,0.1248439450686642,-95.0,-156.0,-21.0,5.0,100.0,0.008811594202898,0.0261403392963214,-0.1563670411983554,17422.333333333332,792.3333333333334,1.924120390058112,0.0,0.0,0.0,False,,False
Maharashtra,2015,1255.0,1477.0,2732.0,17192.0,23467.0,6275.0,21062.0,18669.0,9696.0,12089.0,1.3649953466727918,0.3649953466728499,0.1297122780362677,0.070126293799256,0.8863830595384633,0.5739720824232943,,,,,,,,,,,0.0,0.0,0.0,21062.0,2732.0,1.3649953466727918,0.0,0.0,0.0,False,,False
Maharashtra,2016,1258.0,1401.0,2659.0,16910.0,23947.0,7037.0,20748.0,18312.0,10011.0,12447.0,1.4161442933174797,0.4161442933175389,0.1281569307885035,0.0675245806824721,0.8825910931173664,0.5999132446500578,-0.0164029781293625,0.0204542549111519,-0.014908365777229,-0.0191226096737907,-0.0267203513909224,-282.0,480.0,-314.0,-357.0,-73.0,-0.0149083657772284,-0.0164029781293615,-0.0267203513909126,20905.0,2695.5,1.3905698199951355,0.0,0.0,0.0,False,,False
Maharashtra,2017,1262.0,1366.0,2628.0,16943.0,23109.0,6166.0,20751.0,18309.0,9992.0,12434.0,1.3639261051760985,0.3639261051761575,0.1266444990602801,0.0658281528600999,0.8823189243891435,0.5992000385523301,0.0019515079834417,-0.0349939449617906,0.0001445922498553,-0.0001638269986893,-0.0116585182399397,33.0,-838.0,3.0,-3.0,-31.0,-0.0147659291615224,-0.0144834806886915,-0.0380673499267796,20853.666666666668,2673.0,1.3816885817221234,0.0,0.0,0.0,False,,False
Maharashtra,2018,1260.0,1448.0,2708.0,16815.0,22194.0,5379.0,20719.0,18263.0,10039.0,12495.0,1.3198929527207064,0.3198929527207659,0.1307012886722269,0.0698875428350755,0.8814614604951551,0.6030696462184177,-0.0075547423714807,-0.039594963001428,-0.0015420943568984,-0.0025124255830465,0.030441400304414,-128.0,-915.0,-32.0,-46.0,80.0,-0.0162852530623864,-0.0219288040949265,-0.008784773060026,20739.33333333333,2665.0,1.3666544504047615,0.0,0.0,0.0,False,,False
Maharashtra,2019,1215.0,1444.0,2659.0,16722.0,23856.0,7134.0,20589.0,18166.0,10169.0,12592.0,1.4266236096159892,0.4266236096160491,0.1291466316965307,0.0701345378600189,0.8823157996988255,0.6115887124192233,-0.0055307760927743,0.0748851040821843,-0.0062744340943096,-0.0053112851119749,-0.0180945347119645,-93.0,1662.0,-130.0,-97.0,-49.0,-0.0224575064096466,-0.0273382968822692,-0.0267203513909126,20686.33333333333,2665.0,1.3701475558375982,0.0,0.0,0.0,False,,False
Maharashtra,2020,1214.0,1438.0,2652.0,16650.0,24917.0,8266.0,20509.0,18089.0,10249.0,12670.0,1.4965165165164267,0.4964564564564266,0.1293090838168545,0.0701155590228646,0.8820030230630025,0.6177775610707192,-0.0043057050592034,0.0444751844399731,-0.0038855699645441,-0.0042386876582627,-0.002632568634825,-72.0,1061.0,-80.0,-77.0,-7.0,-0.0262558161618067,-0.0315262912982764,-0.0292825768667535,20605.666666666668,2673.0,1.4143443596177077,0.0,0.0,0.0,False,,False
Maharashtra,2021,1203.0,1456.0,2658.0,16590.0,25730.0,9140.0,20466.0,18046.0,10292.0,12712.0,1.5509342977696472,0.5509342977697076,0.1298739372617937,0.0711423824880254,0.8817551060294693,0.6211277240300683,-0.0036036036036035,0.0326283260424609,-0.002096640499293,-0.0023771352755818,0.002262443438914,-60.0,813.0,-43.0,-43.0,6.0,-0.0282974076535928,-0.0350162866449491,-0.027086383601747,20521.33333333333,2656.333333333333,1.4913581413006878,0.0,0.0,0.0,False,,False
Maharashtra,2022,1195.0,1477.0,2671.0,16491.0,25375.0,8884.0,20394.0,17968.0,10364.0,12790.0,1.538718088654324,0.5387180886543849,0.130969893105809,0.0724232617436465,0.8810434441501971,0.6271452387956935,-0.0059674502712477,-0.0137971239797901,-0.0035180299032542,-0.0043222874875318,0.0048908954100828,-99.0,-355.0,-72.0,-78.0,13.0,-0.0317158864305369,-0.040774778966959,-0.0223279648608995,20456.33333333333,2660.333333333333,1.5287229676467995,0.0,0.0,0.0,False,,False
Maharashtra,2023,1158.0,1443.0,2602.0,16571.0,24133.0,7562.0,20391.0,18014.0,10382.0,12758.0,1.456339388087535,0.4563393880875954,0.1276053160708093,0.0707665146388077,0.8834289637584776,0.6256681869451902,0.0048511309198957,-0.0489458128078817,-0.0001471020888497,0.0025601068566341,-0.0258330213403219,80.0,-1242.0,-3.0,46.0,-69.0,-0.0318583230462429,-0.0361214518380621,-0.0475841874084745,20417.0,2643.6666666666665,1.5153305915038355,0.0,0.0,0.0,False,,False
Maharashtra,2024,1152.0,1443.0,2595.0,16543.0,25112.0,8570.0,20371.0,17986.0,10388.0,12774.0,1.5179834371032148,0.5180438856313535,0.1273869716754146,0.0708359923420514,0.8829218005988472,0.6270678906288043,-0.0016896988715225,0.0405668586582688,-0.0009808248737187,-0.001554346619296,-0.0026902382782475,-28.0,979.0,-20.0,-28.0,-7.0,-0.0328079004842829,-0.037750116333176,-0.0501464128843154,20385.33333333333,2622.6666666666665,1.5043469712816917,0.0,0.0,0.0,False,,False
Manipur,2024,0.0,0.0,0.0,187.0,275.0,88.0,194.0,187.0,1688.0,1695.0,1.4705882352862536,0.4705882352916011,0.0,0.0,0.9639175257682272,8.737113402016819,,,,,,,,,,,0.0,0.0,0.0,194.0,0.0,1.4705882352862536,0.0,0.0,0.0,False,,False
Meghalaya,2015,153.0,60.0,213.0,245.0,303.0,57.0,1008.0,305.0,1185.0,1887.0,1.2367346938725032,0.2326530612235402,0.2113095238093141,0.0595238095237504,0.3025793650790649,1.8720238095219524,,,,,,,,,,,0.0,0.0,0.0,1008.0,213.0,1.2367346938725032,0.0,0.0,0.0,False,,False
Meghalaya,2016,154.0,60.0,214.0,252.0,309.0,56.0,1015.0,312.0,1181.0,1884.0,1.2261904761856104,0.2222222222213404,0.2108374384234376,0.0591133004925525,0.3073891625612735,1.8561576354661515,0.0285714285714284,0.0198019801980198,0.0069444444444444,0.022950819672131,0.0046948356807512,7.0,6.0,7.0,7.0,1.0,0.0069444444444375,0.0285714285713119,0.0046948356807291,1011.5,213.5,1.2314625850290568,0.0,0.0,0.0,False,,False
Meghalaya,2017,153.0,58.0,211.0,253.0,309.0,56.0,1013.0,311.0,1183.0,1885.0,1.2213438735129591,0.2213438735169117,0.2082922013818279,0.0572556762092228,0.3070088845011777,1.8608094767997423,0.0039682539682539,0.0,-0.0019704433497537,-0.0032051282051281,-0.0140186915887849,1.0,0.0,-2.0,-1.0,-3.0,0.0049603174603125,0.0326530612243565,-0.0093896713614582,1012.0,212.66666666666663,1.2280896811903574,0.0,0.0,0.0,False,,False
Meghalaya,2018,153.0,57.0,210.0,255.0,312.0,57.0,1011.0,312.0,1185.0,1884.0,1.2235294117599078,0.2235294117638293,0.2077151335309518,0.0563798219584012,0.3086053412459855,1.863501483677682,0.0079051383399209,0.0097087378640776,-0.0019743336623889,0.0032154340836012,-0.004739336492891,2.0,3.0,-2.0,1.0,-1.0,0.0029761904761875,0.0408163265304456,-0.0140845070421873,1013.0,211.66666666666663,1.223687920486159,0.0,0.0,0.0,False,,False
Meghalaya,2019,153.0,58.0,211.0,255.0,313.0,58.0,1010.0,313.0,1185.0,1883.0,1.2274509803873437,0.2274509803912649,0.208910891088902,0.0574257425742005,0.3099009900987031,1.8643564356417184,0.0,0.0032051282051281,-0.0009891196834816,0.0032051282051281,0.0047619047619047,0.0,1.0,-1.0,1.0,1.0,0.001984126984125,0.0408163265304456,-0.0093896713614582,1011.3333333333334,210.66666666666663,1.2241080885534037,0.0,0.0,0.0,False,,False
Meghalaya,2020,154.0,58.0,212.0,253.0,309.0,56.0,1010.0,312.0,1185.0,1884.0,1.2213438735129591,0.2213438735169117,0.2099009900988021,0.0574257425742005,0.308910891088803,1.8653465346516185,-0.0078431372549019,-0.012779552715655,0.0,-0.0031948881789137,0.0047393364928909,-2.0,-4.0,0.0,-1.0,1.0,0.001984126984125,0.0326530612243565,-0.0046948356807291,1010.3333333333334,211.0,1.2241080885534033,0.0,0.0,0.0,False,,False
Meghalaya,2021,154.0,54.0,207.0,269.0,325.0,56.0,1015.0,323.0,1189.0,1881.0,1.2081784386572187,0.2081784386609361,0.2039408866993064,0.0532019704432973,0.3182266009849082,1.853201970441524,0.0632411067193676,0.0517799352750809,0.0049504950495049,0.0352564102564103,-0.0235849056603774,16.0,16.0,5.0,11.0,-5.0,0.0069444444444375,0.0979591836730695,-0.0281690140843747,1011.6666666666666,210.0,1.2189910975191738,0.0,0.0,0.0,False,,False
Meghalaya,2022,150.0,53.0,203.0,274.0,330.0,56.0,1014.0,327.0,1190.0,1876.0,1.2043795620394002,0.2043795620430497,0.2001972386585797,0.0522682445758853,0.3224852071002737,1.850098619327564,0.0185873605947954,0.0153846153846153,-0.0009852216748768,0.0123839009287924,-0.0193236714975845,5.0,5.0,-1.0,4.0,-4.0,0.005952380952375,0.1183673469382923,-0.0469483568072913,1013.0,207.33333333333331,1.211300624736526,0.0,0.0,0.0,False,,False
Meghalaya,2023,150.0,53.0,203.0,274.0,366.0,92.0,1014.0,327.0,1190.0,1876.0,1.3357664233527893,0.3357664233564388,0.2001972386585797,0.0522682445758853,0.3224852071002737,1.850098619327564,0.0,0.1090909090909091,0.0,0.0,0.0,0.0,36.0,0.0,0.0,0.0,0.005952380952375,0.1183673469382923,-0.0469483568072913,1014.3333333333334,204.33333333333331,1.2494414746831362,0.0,0.0,0.0,False,,False
Meghalaya,2024,150.0,53.0,203.0,274.0,366.0,92.0,1014.0,327.0,1190.0,1876.0,1.3357664233527893,0.3357664233564388,0.2001972386585797,0.0522682445758853,0.3224852071002737,1.850098619327564,0.0,0.0,0.0,0.0,0.0,0.0,0.0,0.0,0.0,0.0,0.005952380952375,0.1183673469382923,-0.0469483568072913,1014.0,203.0,1.291970802914993,0.0,0.0,0.0,False,,False
Mizoram,2015,127.0,47.0,174.0,145.0,188.0,44.0,367.0,191.0,1672.0,1848.0,1.2965517241289894,0.3034482758599762,0.4741144414156019,0.1280653950950189,0.5204359673010343,5.035422343310531,,,,,,,,,,,0.0,0.0,0.0,367.0,174.0,1.2965517241289894,0.0,0.0,0.0,False,,False
Mizoram,2016,127.0,47.0,174.0,145.0,186.0,42.0,367.0,191.0,1672.0,1848.0,1.2827586206808086,0.2896551724117955,0.4741144414156019,0.1280653950950189,0.5204359673010343,5.035422343310531,0.0,-0.0106382978723403,0.0,0.0,0.0,0.0,-2.0,0.0,0.0,0.0,0.0,0.0,0.0,367.0,174.0,1.289655172404899,0.0,0.0,0.0,False,,False
Mizoram,2017,127.0,47.0,174.0,145.0,188.0,44.0,367.0,191.0,1672.0,1848.0,1.2965517241289894,0.3034482758599762,0.4741144414156019,0.1280653950950189,0.5204359673010343,5.035422343310531,0.0,0.010752688172043,0.0,0.0,0.0,0.0,2.0,0.0,0.0,0.0,0.0,0.0,0.0,367.0,174.0,1.2919540229795958,0.0,0.0,0.0,False,,False
Mizoram,2018,127.0,47.0,174.0,145.0,187.0,42.0,367.0,191.0,1672.0,1848.0,1.289655172404899,0.2896551724117955,0.4741144414156019,0.1280653950950189,0.5204359673010343,5.035422343310531,0.0,-0.0053191489361702,0.0,0.0,0.0,0.0,-1.0,0.0,0.0,0.0,0.0,0.0,0.0,367.0,174.0,1.289655172404899,0.0,0.0,0.0,False,,False
Mizoram,2019,127.0,47.0,174.0,145.0,195.0,50.0,367.0,191.0,1672.0,1848.0,1.344827586197622,0.3448275862045185,0.4741144414156019,0.1280653950950189,0.5204359673010343,5.035422343310531,0.0,0.0427807486631015,0.0,0.0,0.0,0.0,8.0,0.0,0.0,0.0,0.0,0.0,0.0,367.0,174.0,1.31034482757717,0.0,0.0,0.0,False,,False
Mizoram,2020,127.0,47.0,174.0,145.0,206.0,61.0,367.0,191.0,1672.0,1848.0,1.420689655162616,0.4206896551695125,0.4741144414156019,0.1280653950950189,0.5204359673010343,5.035422343310531,0.0,0.0564102564102564,0.0,0.0,0.0,0.0,11.0,0.0,0.0,0.0,0.0,0.0,0.0,367.0,174.0,1.3517241379217122,0.0,0.0,0.0,False,,False
Mizoram,2021,127.0,47.0,174.0,145.0,206.0,62.0,367.0,191.0,1672.0,1848.0,1.420689655162616,0.4275862068936029,0.4741144414156019,0.1280653950950189,0.5204359673010343,5.035422343310531,0.0,0.0,0.0,0.0,0.0,0.0,0.0,0.0,0.0,0.0,0.0,0.0,0.0,367.0,174.0,1.3954022988409511,0.0,0.0,0.0,False,,False
Mizoram,2022,127.0,47.0,174.0,145.0,206.0,62.0,367.0,191.0,1672.0,1848.0,1.420689655162616,0.4275862068936029,0.4741144414156019,0.1280653950950189,0.5204359673010343,5.035422343310531,0.0,0.0,0.0,0.0,0.0,0.0,0.0,0.0,0.0,0.0,0.0,0.0,0.0,367.0,174.0,1.420689655162616,0.0,0.0,0.0,False,,False
Mizoram,2023,107.0,37.0,144.0,198.0,201.0,3.0,391.0,235.0,1669.0,1825.0,1.015151515146388,0.0151515151514386,0.3682864450118458,0.0946291560099881,0.6010230179012762,4.6675191815737405,0.3655172413793104,-0.0242718446601941,0.0653950953678474,0.2303664921465968,-0.1724137931034483,53.0,-5.0,24.0,44.0,-30.0,0.0653950953676692,0.3655172413767895,-0.1724137931024574,375.0,164.0,1.2855102751572067,0.0,0.0,0.0,False,,False
Mizoram,2024,3.0,5.0,8.0,145.0,202.0,57.0,165.0,150.0,1848.0,1863.0,1.3931034482662543,0.393103448273151,0.0484848484845546,0.0303030303028466,0.9090909090853996,11.290909090840662,-0.2676767676767676,0.0049751243781095,-0.578005115089514,-0.3617021276595744,-0.9444444444444444,-53.0,1.0,-226.0,-85.0,-136.0,-0.5504087193445493,0.0,-0.9540229885002643,307.6666666666667,108.66666666666669,1.2763148728584195,0.0,0.0,0.0,False,,False
Nagaland,2015,100.0,50.0,150.0,384.0,504.0,120.0,695.0,434.0,958.0,1219.0,1.312499999996582,0.3124999999991862,0.2158273381291858,0.0719424460430619,0.6244604316537777,1.7539568345298504,,,,,,,,,,,0.0,0.0,0.0,695.0,150.0,1.312499999996582,0.0,0.0,0.0,False,,False
Nagaland,2016,106.0,47.0,153.0,385.0,521.0,137.0,694.0,431.0,958.0,1221.0,1.3532467532432384,0.3558441558432316,0.2204610951005469,0.0677233429393836,0.6210374639760504,1.7593659942337765,0.0026041666666667,0.0337301587301588,-0.0014388489208633,-0.0069124423963133,0.02,1.0,17.0,-1.0,-3.0,3.0,-0.0014388489208612,0.0026041666666598,0.0199999999998666,694.5,151.5,1.33287337661991,0.0,0.0,0.0,False,,False
Nagaland,2017,110.0,44.0,153.0,385.0,530.0,145.0,694.0,428.0,958.0,1224.0,1.376623376619801,0.3766233766223983,0.2204610951005469,0.0634005763687847,0.6167146974054515,1.7636887608043752,0.0,0.0172744721689059,0.0,-0.0069605568445475,0.0,0.0,9.0,0.0,-3.0,0.0,-0.0014388489208612,0.0026041666666598,0.0199999999998666,694.3333333333334,152.0,1.347456709953207,0.0,0.0,0.0,False,,False
Nagaland,2018,111.0,49.0,160.0,384.0,529.0,145.0,678.0,432.0,975.0,1221.0,1.3776041666630792,0.3776041666656833,0.2359882005896224,0.0722713864305718,0.6371681415919805,1.8008849557495563,-0.0025974025974025,-0.0018867924528301,-0.0230547550432276,0.0093457943925232,0.0457516339869281,-1.0,-1.0,-16.0,4.0,7.0,-0.024460431654641,0.0,0.0666666666662222,688.6666666666666,155.33333333333334,1.369158098842039,0.0,0.0,0.0,False,,False
Nagaland,2019,112.0,48.0,160.0,384.0,530.0,146.0,676.0,432.0,978.0,1222.0,1.380208333329739,0.3802083333323432,0.2366863905321942,0.0710059171596582,0.6390532544369245,1.8076923076896336,0.0,0.0018903591682419,-0.0029498525073746,0.0,0.0,0.0,1.0,-2.0,0.0,0.0,-0.0273381294963635,0.0,0.0666666666662222,682.6666666666666,157.66666666666666,1.3781452922042066,0.0,0.0,0.0,False,,False
Nagaland,2020,112.0,47.0,159.0,386.0,532.0,146.0,674.0,433.0,981.0,1222.0,1.3782383419653417,0.378238341967932,0.2359050445100357,0.0697329376853564,0.6424332344204118,1.8130563798192685,0.0052083333333332,0.0037735849056603,-0.0029585798816568,0.0023148148148148,-0.0062499999999999,2.0,2.0,-2.0,1.0,-1.0,-0.030215827338086,0.0052083333333197,0.0599999999996,676.0,159.66666666666666,1.378683613986053,0.0,0.0,0.0,False,,False
Nagaland,2021,186.0,92.0,278.0,265.0,319.0,54.0,672.0,357.0,984.0,1300.0,1.203773584901118,0.2037735849048914,0.4136904761898606,0.1369047619045582,0.5312499999992094,1.9345238095209307,-0.3134715025906736,-0.400375939849624,-0.002967359050445,-0.1755196304849884,0.7484276729559749,-121.0,-213.0,-2.0,-76.0,119.0,-0.0330935251798085,-0.3098958333325263,0.8533333333276445,674.0,199.0,1.3207400867320662,0.0,0.0,0.0,False,,False
Nagaland,2022,121.0,59.0,180.0,361.0,471.0,110.0,669.0,419.0,987.0,1237.0,1.3047091412706242,0.3047091412733941,0.2690582959637234,0.0881913303436648,0.6263079222711117,1.8490284005951436,0.3622641509433961,0.4764890282131662,-0.0044642857142856,0.1736694677871149,-0.3525179856115108,96.0,152.0,-3.0,62.0,-98.0,-0.0374100719423922,-0.0598958333331773,0.1999999999986667,671.6666666666666,205.66666666666663,1.295573689379028,0.0,0.0,0.0,False,,False
Nagaland,2023,119.0,58.0,177.0,366.0,481.0,115.0,668.0,424.0,989.0,1233.0,1.3142076502696334,0.3142076502723656,0.2649700598798428,0.0868263473052592,0.6347305389212055,1.8458083832307697,0.0138504155124654,0.0212314225053078,-0.0014947683109117,0.0119331742243435,-0.0166666666666667,5.0,10.0,-1.0,5.0,-3.0,-0.0388489208632534,-0.0468749999998779,0.1799999999988,669.6666666666666,211.66666666666663,1.2742301254804584,0.0,0.0,0.0,False,,False
Nagaland,2024,125.0,63.0,187.0,356.0,468.0,112.0,666.0,419.0,990.0,1238.0,1.314606741569341,0.31460674157215,0.2807807807803592,0.0945945945944525,0.6291291291281845,1.858858858856068,-0.0273224043715847,-0.0270270270270269,-0.0029940119760478,-0.0117924528301887,0.0564971751412428,-10.0,-13.0,-2.0,-5.0,10.0,-0.0417266187049759,-0.0729166666664767,0.2466666666650222,667.6666666666666,181.33333333333331,1.3111745110365327,0.0,0.0,0.0,False,,False
Nicobar Islands,2015,3.0,3.0,6.0,15.0,48.0,33.0,28.0,17.0,730.0,740.0,3.199999999786667,2.199999999853333,0.2142857142780612,0.1071428571390306,0.6071428571211734,26.42857142762755,,,,,,,,,,,0.0,0.0,0.0,28.0,6.0,3.199999999786667,0.0,0.0,0.0,False,,False
Nicobar Islands,2017,3.0,3.0,6.0,15.0,49.0,34.0,28.0,17.0,730.0,740.0,3.266666666448889,2.2666666665155555,0.2142857142780612,0.1071428571390306,0.6071428571211734,26.42857142762755,0.0,0.0208333333333332,0.0,0.0,0.0,0.0,1.0,0.0,0.0,0.0,0.0,0.0,0.0,28.0,6.0,3.233333333117778,0.0,0.0,0.0,False,,False
Nicobar Islands,2018,3.0,3.0,6.0,15.0,41.0,26.0,28.0,17.0,730.0,740.0,2.733333333151111,1.7333333332177778,0.2142857142780612,0.1071428571390306,0.6071428571211734,26.42857142762755,0.0,-0.1632653061224489,0.0,0.0,0.0,0.0,-8.0,0.0,0.0,0.0,0.0,0.0,0.0,28.0,6.0,3.066666666462222,0.0,0.0,0.0,False,,False
Nicobar Islands,2019,3.0,3.0,6.0,15.0,46.0,31.0,28.0,17.0,687.0,697.0,3.0666666664622224,2.066666666528889,0.2142857142780612,0.1071428571390306,0.6071428571211734,24.89285714196811,0.0,0.1219512195121952,0.0,0.0,0.0,0.0,5.0,0.0,0.0,0.0,0.0,0.0,0.0,28.0,6.0,3.0222222220207406,0.0,0.0,0.0,False,,False
Nicobar Islands,2020,3.0,3.0,6.0,15.0,40.0,25.0,28.0,17.0,687.0,697.0,2.6666666664888887,1.6666666665555556,0.2142857142780612,0.1071428571390306,0.6071428571211734,24.89285714196811,0.0,-0.1304347826086956,0.0,0.0,0.0,0.0,-6.0,0.0,0.0,0.0,0.0,0.0,0.0,28.0,6.0,2.8222222220340742,0.0,0.0,0.0,False,,False
Nicobar Islands,2021,3.0,3.0,6.0,15.0,39.0,25.0,28.0,17.0,687.0,697.0,2.5999999998266667,1.6666666665555556,0.2142857142780612,0.1071428571390306,0.6071428571211734,24.89285714196811,0.0,-0.025,0.0,0.0,0.0,0.0,-1.0,0.0,0.0,0.0,0.0,0.0,0.0,28.0,6.0,2.777777777592593,0.0,0.0,0.0,False,,False
Nicobar Islands,2022,3.0,3.0,6.0,15.0,39.0,25.0,28.0,17.0,687.0,697.0,2.5999999998266667,1.6666666665555556,0.2142857142780612,0.1071428571390306,0.6071428571211734,24.89285714196811,0.0,0.0,0.0,0.0,0.0,0.0,0.0,0.0,0.0,0.0,0.0,0.0,0.0,28.0,6.0,2.6222222220474074,0.0,0.0,0.0,False,,False
Nicobar Islands,2023,4.0,1.0,4.0,10.0,16.0,6.0,22.0,11.0,693.0,704.0,1.59999999984,0.59999999994,0.1818181818099173,0.0454545454524793,0.4999999999772727,31.99999999854545,-0.3333333333333333,-0.5897435897435898,-0.2142857142857143,-0.3529411764705882,-0.3333333333333333,-5.0,-23.0,-6.0,-6.0,-2.0,-0.2142857142780612,-0.3333333333111111,-0.3333333332777777,26.0,5.333333333333333,2.266666666497778,0.0,0.0,0.0,False,,False
Nicobar Islands,2024,4.0,1.0,5.0,11.0,16.0,6.0,23.0,12.0,736.0,748.0,1.454545454413223,0.5454545454049586,0.2173913043383742,0.0434782608676748,0.5217391304120983,32.521739129020794,0.1,0.0,0.0454545454545454,0.0909090909090908,0.25,1.0,0.0,1.0,1.0,1.0,-0.178571428565051,-0.2666666666488889,-0.1666666666388888,24.33333333333333,5.0,1.884848484693297,0.0,0.0,0.0,False,,False
Odisha,2015,655.0,1028.0,1683.0,4198.0,4803.0,605.0,6648.0,5226.0,8779.0,10201.0,1.1441162458310756,0.1441162458313139,0.2531588447653048,0.1546329723224797,0.7861010830323727,1.5344464500599375,,,,,,,,,,,0.0,0.0,0.0,6648.0,1683.0,1.1441162458310756,0.0,0.0,0.0,False,,False
Odisha,2016,685.0,1085.0,1770.0,4099.0,4884.0,785.0,6690.0,5184.0,9254.0,10760.0,1.1915101244202997,0.1915101244205436,0.2645739910313505,0.162182361733907,0.7748878923765657,1.6083707025408656,-0.023582658408766,0.0168644597126794,0.006317689530686,-0.0080367393800229,0.0516934046345811,-99.0,81.0,42.0,-42.0,87.0,0.0063176895306849,-0.0235826584087604,0.0516934046345503,6669.0,1726.5,1.1678131851256874,0.0,0.0,0.0,False,,False
Odisha,2017,777.0,1216.0,1993.0,3863.0,4502.0,639.0,6745.0,5079.0,8679.0,10345.0,1.1654154801964367,0.1654154801966954,0.2954781319495485,0.1802816901408183,0.7530022238694213,1.533728687916748,-0.0575750182971456,-0.0782145782145782,0.0082212257100149,-0.0202546296296296,0.1259887005649718,-236.0,-382.0,55.0,-105.0,223.0,0.0145908543922962,-0.0797999047165126,0.1841948900771335,6694.333333333333,1815.3333333333333,1.1670139501492705,0.0,0.0,0.0,False,,False
Odisha,2018,738.0,1089.0,1827.0,4006.0,4527.0,521.0,6675.0,5095.0,8756.0,10336.0,1.1300549176232826,0.1300549176235322,0.2737078651684983,0.1631460674157059,0.7632958801496983,1.5484644194754231,0.0370178617654672,0.0055530875166591,-0.0103780578206078,0.003150226422524,-0.0832915203211239,143.0,25.0,-70.0,16.0,-166.0,0.0040613718411546,-0.0457360647927475,0.0855614973261523,6703.333333333333,1863.3333333333333,1.1623268407466727,0.0,0.0,0.0,False,,False
Odisha,2019,705.0,1055.0,1760.0,4102.0,4670.0,568.0,6699.0,5157.0,8082.0,9624.0,1.1384690394926529,0.1384690394928965,0.26272577996712,0.157486191968927,0.7698163905059308,1.4366323331838429,0.0239640539191212,0.0315882482880494,0.0035955056179775,0.0121687929342493,-0.0366721401204159,96.0,143.0,24.0,62.0,-67.0,0.0076714801444031,-0.0228680323963737,0.0457516339869009,6706.333333333333,1860.0,1.144646479104124,0.0,0.0,0.0,False,,False
Odisha,2020,672.0,986.0,1658.0,4179.0,4819.0,640.0,6654.0,5165.0,8240.0,9729.0,1.1531466858097263,0.1531466858099657,0.2491734295160431,0.1481815449353549,0.7762248271715094,1.4621280432820165,0.0187713310580204,0.0319057815845824,-0.0067174205105239,0.0015512895094047,-0.0579545454545454,77.0,149.0,-45.0,8.0,-102.0,0.0009025270758121,-0.0045259647451156,-0.0148544266191236,6676.0,1748.3333333333333,1.1405568809752205,0.0,0.0,0.0,False,,False
Odisha,2021,688.0,943.0,1632.0,4322.0,4997.0,676.0,6782.0,5265.0,8063.0,9580.0,1.1561776955110696,0.1564090698750216,0.240636980241781,0.1390445296372546,0.7763196697138341,1.412562665880063,0.0342187126106723,0.0369371238846234,0.0192365494439434,0.0193610842207163,-0.0156815440289505,143.0,178.0,128.0,100.0,-26.0,0.020156438026471,0.0295378751786494,-0.0303030303030122,6711.666666666667,1683.3333333333333,1.149264473604483,0.0,0.0,0.0,False,,False
Odisha,2022,704.0,908.0,1613.0,4269.0,5014.0,745.0,6742.0,5178.0,8199.0,9763.0,1.1745139376900504,0.1745139376902847,0.2392465143873866,0.1346781370513001,0.7680213586471717,1.4480866211804435,-0.0122628412771864,0.0034020412247348,-0.0058979652020053,-0.0165242165242165,-0.011642156862745,-53.0,17.0,-40.0,-87.0,-19.0,0.0141395908543901,0.0169128156264847,-0.0415923945335462,6726.0,1634.3333333333333,1.161279439670282,0.0,0.0,0.0,False,,False
Odisha,2023,701.0,903.0,1604.0,4307.0,5168.0,861.0,6724.0,5211.0,8156.0,9669.0,1.199907127930996,0.1999071279312282,0.2385484830457706,0.1342950624627997,0.7749851278999442,1.4379833432478526,0.0089013820566876,0.0307140007977662,-0.0026698309107089,0.0063731170336036,-0.0055796652200867,38.0,154.0,-18.0,33.0,-9.0,0.0114320096269537,0.025964745116716,-0.0469399881164308,6749.333333333333,1616.3333333333333,1.1768662537107053,0.0,0.0,0.0,False,,False
Odisha,2024,678.0,814.0,1492.0,4358.0,5260.0,902.0,6688.0,5172.0,4884.0,6399.0,1.2069756769157394,0.206975676915969,0.2230861244018805,0.1217105263157712,0.773325358851559,0.9567882775118186,0.0118411887624796,0.0178018575851393,-0.0053539559785841,-0.0074841681059297,-0.0698254364089775,51.0,92.0,-36.0,-39.0,-112.0,0.0060168471720809,0.0381133873272896,-0.1134878193701048,6718.0,1569.6666666666667,1.1937989141789285,0.0,0.0,0.0,False,,False
Puducherry,2015,3.0,5.0,8.0,15.0,26.0,11.0,29.0,20.0,20.0,28.0,1.7333333332177778,0.7333333332844444,0.2758620689560047,0.1724137930975029,0.6896551723900118,0.9655172413460168,,,,,,,,,,,0.0,0.0,0.0,29.0,8.0,1.7333333332177778,0.0,0.0,0.0,False,,False
Puducherry,2016,3.0,5.0,8.0,15.0,26.0,11.0,29.0,20.0,20.0,29.0,1.7333333332177778,0.7333333332844444,0.2758620689560047,0.1724137930975029,0.6896551723900118,0.9999999999655173,0.0,0.0,0.0,0.0,0.0,0.0,0.0,0.0,0.0,0.0,0.0,0.0,0.0,29.0,8.0,1.7333333332177778,0.0,0.0,0.0,False,,False
Puducherry,2017,3.0,4.0,8.0,15.0,26.0,11.0,29.0,19.0,20.0,29.0,1.7333333332177778,0.7333333332844444,0.2758620689560047,0.1379310344780023,0.6551724137705113,0.9999999999655173,0.0,0.0,0.0,-0.05,0.0,0.0,0.0,0.0,-1.0,0.0,0.0,0.0,0.0,29.0,8.0,1.7333333332177778,0.0,0.0,0.0,False,,False
Puducherry,2020,3.0,4.0,7.0,15.0,27.0,11.0,28.0,19.0,20.0,29.0,1.79999999988,0.7333333332844444,0.2499999999910714,0.1428571428520408,0.6785714285471939,1.0357142856772958,0.0,0.0384615384615385,-0.0344827586206896,0.0,-0.125,0.0,1.0,-1.0,0.0,-1.0,-0.0344827586195005,0.0,-0.124999999984375,28.666666666666668,7.666666666666667,1.7555555554385185,0.0,0.0,0.0,False,,False
Puducherry,2021,3.0,4.0,6.0,16.0,28.0,12.0,28.0,20.0,21.0,29.0,1.749999999890625,0.749999999953125,0.2142857142780612,0.1428571428520408,0.714285714260204,1.0357142856772958,0.0666666666666666,0.0370370370370369,0.0,0.0526315789473683,-0.1428571428571429,1.0,1.0,0.0,1.0,-1.0,-0.0344827586195005,0.0666666666622222,-0.24999999996875,28.33333333333333,7.0,1.7611111109961344,0.0,0.0,0.0,False,,False
Puducherry,2022,3.0,3.0,6.0,16.0,30.0,13.0,28.0,19.0,21.0,29.0,1.8749999998828124,0.8124999999492187,0.2142857142780612,0.1071428571390306,0.6785714285471939,1.0357142856772958,0.0,0.0714285714285714,0.0,-0.05,0.0,0.0,2.0,0.0,-1.0,0.0,-0.0344827586195005,0.0666666666622222,-0.24999999996875,28.0,6.333333333333333,1.8083333332178124,0.0,0.0,0.0,False,,False
Punjab,2015,6.0,77.0,82.0,4137.0,7872.0,3734.0,4245.0,4214.0,788.0,819.0,1.9028281363302144,0.9025864152765524,0.0193168433451073,0.0181389870435764,0.9926972909302724,0.1929328621907672,,,,,,,,,,,0.0,0.0,0.0,4245.0,82.0,1.9028281363302144,0.0,0.0,0.0,False,,False
Punjab,2016,6.0,78.0,84.0,4130.0,7804.0,3674.0,4237.0,4208.0,796.0,824.0,1.8895883777235127,0.8895883777237554,0.0198253481236677,0.01840925182912,0.9931555345761168,0.1944772244512167,-0.0016920473773265,-0.0086382113821138,-0.0018845700824499,-0.0014238253440911,0.024390243902439,-7.0,-68.0,-8.0,-6.0,2.0,-0.0018845700824494,-0.0016920473773261,0.0243902439021415,4241.0,83.0,1.896208257026864,0.0,0.0,0.0,False,,False
Punjab,2017,6.0,85.0,91.0,4124.0,7779.0,3655.0,4235.0,4209.0,798.0,824.0,1.886275460717292,0.8862754607175347,0.02148760330578,0.0200708382526516,0.9938606847695408,0.194569067296294,-0.0014527845036319,-0.0032034853921065,-0.0004720320981826,0.0002376425855512,0.0833333333333332,-6.0,-25.0,-2.0,1.0,7.0,-0.0023557126030618,-0.0031423737007485,0.1097560975596371,4239.0,85.66666666666667,1.8928973249236731,0.0,0.0,0.0,False,,False
Punjab,2018,6.0,86.0,91.0,4119.0,7851.0,3732.0,4233.0,4205.0,800.0,828.0,1.9060451565909424,0.9060451565911856,0.0214977557287924,0.0203165603590785,0.993385305929366,0.1956059532246171,-0.0012124151309408,0.0092556883918242,-0.0004722550177095,-0.0009503444998811,0.0,-5.0,72.0,-2.0,-4.0,0.0,-0.0028268551236742,-0.0043509789702672,0.1097560975596371,4235.0,88.66666666666667,1.8939696650105824,0.0,0.0,0.0,False,,False
Punjab,2019,5.0,88.0,93.0,4127.0,7838.0,3711.0,4238.0,4214.0,795.0,818.0,1.8992003876903565,0.8992003876905986,0.0219443133553511,0.0207645115620526,0.9943369513919312,0.193015573383626,0.0019422189851905,-0.0016558400203795,0.001181195369714,0.002140309155767,0.0219780219780219,8.0,-13.0,5.0,9.0,2.0,-0.0016489988221433,-0.0024172105390373,0.1341463414617787,4235.333333333333,91.66666666666669,1.897173668332864,0.0,0.0,0.0,False,,False
Punjab,2020,5.0,87.0,93.0,4126.0,7835.0,3709.0,4237.0,4213.0,796.0,820.0,1.8989335918560597,0.8989335918563016,0.0219494925654892,0.0205333962709415,0.9943356148215732,0.1935331602548516,-0.0002423067603586,-0.0003827507017095,-0.0002359603586596,-0.0002373042240151,0.0,-1.0,-3.0,-1.0,-1.0,0.0,-0.0018845700824494,-0.0026589315929411,0.1341463414617787,4236.0,92.33333333333331,1.9013930453791197,0.0,0.0,0.0,False,,False
Punjab,2021,5.0,90.0,95.0,4113.0,7916.0,3803.0,4225.0,4203.0,807.0,830.0,1.9246292244099377,0.9246292244101812,0.0224852071005863,0.0213017751479239,0.9947928994080484,0.1964497041419653,-0.0031507513330101,0.0103382259093809,-0.002832192589096,-0.0023736055067647,0.021505376344086,-13.0,81.0,-12.0,-10.0,2.0,-0.0047114252061237,-0.0058013052936896,0.1585365853639203,4233.333333333333,93.66666666666669,1.907587734652118,0.0,0.0,0.0,False,,False
Punjab,2022,5.0,91.0,95.0,4110.0,8312.0,4201.0,4225.0,4201.0,806.0,830.0,2.022384428223352,1.0221411192211625,0.0224852071005863,0.0215384615384564,0.9943195266269836,0.1964497041419653,-0.0007293946024798,0.0500252652854977,0.0,-0.0004758505829169,0.0,-3.0,396.0,0.0,-2.0,0.0,-0.0047114252061237,-0.0065264684554008,0.1585365853639203,4229.0,94.33333333333331,1.9486490814964492,0.0,0.0,0.0,False,,False
Punjab,2023,5.0,92.0,97.0,4109.0,8263.0,4154.0,4226.0,4201.0,806.0,831.0,2.0109515697245044,1.0109515697247478,0.022953147184093,0.0217699952673871,0.994084240416234,0.1966398485565081,-0.000243309002433,-0.0058950914340711,0.0002366863905325,0.0,0.0210526315789474,-1.0,-49.0,1.0,0.0,2.0,-0.0044758539458175,-0.0067681895093046,0.1829268292660618,4225.333333333333,95.66666666666669,1.985988407452598,0.0,0.0,0.0,False,,False
Punjab,2024,5.0,105.0,110.0,4103.0,8139.0,4036.0,4232.0,4208.0,807.0,832.0,1.983670485010484,0.9836704850107276,0.0259924385633208,0.0248109640831699,0.994328922495039,0.196597353497118,-0.0014602092966659,-0.0150066561781435,0.0014197823000472,0.0016662699357294,0.134020618556701,-6.0,-124.0,6.0,7.0,13.0,-0.0030624263839804,-0.008218515832727,0.3414634146299821,4227.666666666667,100.66666666666669,2.00566882765278,0.0,0.0,0.0,False,,False
Rajasthan,2015,1966.0,1597.0,3563.0,18024.0,25014.0,6989.0,25504.0,19622.0,8764.0,14646.0,1.3878162450065807,0.3877607634265209,0.1397035759096557,0.0626176286072748,0.7693695106649635,0.5742628607277065,,,,,,,,,,,0.0,0.0,0.0,25504.0,3563.0,1.3878162450065807,0.0,0.0,0.0,False,,False
Rajasthan,2016,1983.0,1491.0,3474.0,18169.0,26036.0,7867.0,25496.0,19659.0,8783.0,14619.0,1.432990258131904,0.4329902581319592,0.136256667712577,0.0584797615312182,0.7710621273925019,0.5733840602447218,0.0080448291167332,0.0408571200127927,-0.0003136762860728,0.0018856385689531,-0.0249789503227617,145.0,1022.0,-8.0,37.0,-89.0,-0.0003136762860727,0.0080448291167327,-0.0249789503227547,25500.0,3518.5,1.4104032515692424,0.0,0.0,0.0,False,,False
Rajasthan,2017,1992.0,1742.0,3734.0,17903.0,25069.0,7166.0,25493.0,19645.0,8794.0,14642.0,1.4002681114896165,0.4002681114896721,0.1464715804338388,0.0683324834268203,0.7706036951319668,0.5743537441650424,-0.0146403214266057,-0.0371408818558918,-0.0001176655161594,-0.0007121420214659,0.0748416810592975,-266.0,-967.0,-3.0,-14.0,260.0,-0.00043130489335,-0.0067132711939632,0.0479932641032702,25497.666666666668,3590.333333333333,1.4070248715427005,0.0,0.0,0.0,False,,False
Rajasthan,2018,2106.0,1789.0,3895.0,17778.0,25313.0,7535.0,25484.0,19567.0,8803.0,14720.0,1.4238384520192695,0.4238384520193259,0.1528409982734204,0.0702009103751345,0.7678150996703512,0.5776173285198329,-0.0069820700441266,0.009733136543141,-0.000353038088887,-0.0039704759480784,0.0431173004820568,-125.0,244.0,-9.0,-78.0,161.0,-0.0007841907151819,-0.013648468708388,0.0931799045747703,25491.0,3701.0,1.4190322738802632,0.0,0.0,0.0,False,,False
Rajasthan,2019,2142.0,1555.0,3698.0,18032.0,27515.0,9484.0,25475.0,19587.0,8816.0,14703.0,1.525898402839312,0.5259538598047623,0.1451619234543613,0.0610402355250221,0.768871442590745,0.5771540726201932,0.0142873214084824,0.0869908742543357,-0.0003531627687961,0.0010221290949046,-0.0505776636713735,254.0,2202.0,-9.0,20.0,-197.0,-0.0011370765370137,0.0004438526409231,0.0378894190288975,25484.0,3775.6666666666665,1.4500016554493993,0.0,0.0,0.0,False,,False
Rajasthan,2020,2093.0,1675.0,3768.0,17948.0,26100.0,8152.0,25473.0,19623.0,8816.0,14666.0,1.4542010251837834,0.4542010251838392,0.1479213284654282,0.0657558984022272,0.7703450712518836,0.5757468692340684,-0.0046583850931677,-0.0514264946392876,-7.850834151124086e-05,0.0018379537448307,0.0189291508923743,-84.0,-1415.0,-2.0,36.0,70.0,-0.0012154956085319,-0.0042166000887702,0.0575357844512889,25477.33333333333,3787.0,1.4679792933474551,0.0,0.0,0.0,False,,False
Rajasthan,2021,2040.0,1585.0,3625.0,18130.0,27442.0,9312.0,25463.0,19715.0,8829.0,14578.0,1.5136238279094587,0.5136238279095139,0.1423634292895518,0.0622471821859143,0.7742606919844176,0.5725169854298169,0.0101404056162246,0.0514176245210729,-0.0003925725277744,0.0046883758854405,-0.0379511677282378,182.0,1342.0,-10.0,92.0,-143.0,-0.0016075909661228,0.0058810474922322,0.0174010665169751,25470.33333333333,3697.0,1.497907751977518,0.0,0.0,0.0,False,,False
Rajasthan,2022,1946.0,1502.0,3449.0,18423.0,28171.0,9749.0,25464.0,19925.0,8817.0,14357.0,1.5291212071865858,0.5291754871627569,0.1354461200125614,0.0589852340559197,0.7824772227458066,0.5638155827835154,0.0161610590182019,0.026565119160411,3.927267014880442e-05,0.0106517879786964,-0.048551724137931,293.0,729.0,1.0,210.0,-176.0,-0.0015683814303638,0.022137150466044,-0.0319955094021801,25466.666666666668,3614.0,1.498982020093276,0.0,0.0,0.0,False,,False
Rajasthan,2023,1961.0,1730.0,3692.0,18198.0,27696.0,9498.0,25446.0,19928.0,8816.0,14334.0,1.521925486317094,0.521925486317149,0.1450915664544468,0.0679871099583404,0.7831486284680977,0.5633105399669668,-0.0122129946262823,-0.0168613112775549,-0.0007068803016022,0.0001505646173149,0.0704552044070745,-225.0,-475.0,-18.0,3.0,243.0,-0.0022741530740275,0.0096537949400793,0.0362054448498354,25457.666666666668,3588.6666666666665,1.521556840471046,0.0,0.0,0.0,False,,False
Rajasthan,2024,1931.0,1792.0,3723.0,18209.0,28193.0,9984.0,25442.0,20001.0,8902.0,14343.0,1.548300291064773,0.5483002910648279,0.1463328354689039,0.0704347142520214,0.7861410266488175,0.5637528496187185,0.0006044620287943,0.0179448295782784,-0.0001571956299615,0.0036631874749095,0.0083965330444204,11.0,497.0,-4.0,73.0,31.0,-0.0024309912170638,0.0102640923213487,0.044905978108323,25450.666666666668,3621.3333333333335,1.5331156615228176,0.0,0.0,0.0,False,,False
Sikkim,2015,5.0,7.0,12.0,77.0,137.0,59.0,97.0,84.0,346.0,358.0,1.7792207791976724,0.7662337662238151,0.1237113402049101,0.0721649484528642,0.8659793814343714,3.690721649446487,,,,,,,,,,,0.0,0.0,0.0,97.0,12.0,1.7792207791976724,0.0,0.0,0.0,False,,False
Sikkim,2016,5.0,7.0,12.0,77.0,146.0,69.0,97.0,84.0,346.0,358.0,1.8961038960792715,0.8961038960922584,0.1237113402049101,0.0721649484528642,0.8659793814343714,3.690721649446487,0.0,0.0656934306569343,0.0,0.0,0.0,0.0,9.0,0.0,0.0,0.0,0.0,0.0,0.0,97.0,12.0,1.837662337638472,0.0,0.0,0.0,False,,False
Sikkim,2017,5.0,7.0,12.0,77.0,153.0,75.0,97.0,84.0,344.0,357.0,1.987012986987181,0.9740259740133242,0.1237113402049101,0.0721649484528642,0.8659793814343714,3.680412371096078,0.0,0.047945205479452,0.0,0.0,0.0,0.0,7.0,0.0,0.0,0.0,0.0,0.0,0.0,97.0,12.0,1.887445887421375,0.0,0.0,0.0,False,,False
Sikkim,2018,5.0,7.0,12.0,77.0,162.0,85.0,97.0,84.0,344.0,357.0,2.1038961038687805,1.1038961038817676,0.1237113402049101,0.0721649484528642,0.8659793814343714,3.680412371096078,0.0,0.0588235294117647,0.0,0.0,0.0,0.0,9.0,0.0,0.0,0.0,0.0,0.0,0.0,97.0,12.0,1.995670995645078,0.0,0.0,0.0,False,,False
Sikkim,2019,5.0,7.0,12.0,77.0,162.0,85.0,97.0,84.0,344.0,357.0,2.1038961038687805,1.1038961038817676,0.1237113402049101,0.0721649484528642,0.8659793814343714,3.680412371096078,0.0,0.0,0.0,0.0,0.0,0.0,0.0,0.0,0.0,0.0,0.0,0.0,0.0,97.0,12.0,2.0649350649082474,0.0,0.0,0.0,False,,False
Sikkim,2020,5.0,7.0,12.0,77.0,140.0,63.0,97.0,84.0,344.0,357.0,1.8181818181582052,0.8181818181711924,0.1237113402049101,0.0721649484528642,0.8659793814343714,3.680412371096078,0.0,-0.1358024691358025,0.0,0.0,0.0,0.0,-22.0,0.0,0.0,0.0,0.0,0.0,0.0,97.0,12.0,2.008658008631922,0.0,0.0,0.0,False,,False
Sikkim,2021,5.0,7.0,12.0,77.0,140.0,63.0,97.0,84.0,344.0,357.0,1.8181818181582052,0.8181818181711924,0.1237113402049101,0.0721649484528642,0.8659793814343714,3.680412371096078,0.0,0.0,0.0,0.0,0.0,0.0,0.0,0.0,0.0,0.0,0.0,0.0,0.0,97.0,12.0,1.913419913395064,0.0,0.0,0.0,False,,False
Sikkim,2022,6.0,3.0,9.0,83.0,139.0,56.0,103.0,86.0,387.0,405.0,1.6746987951605457,0.674698795172594,0.0873786407758506,0.0291262135919502,0.8349514563025733,3.932038834913281,0.0779220779220779,-0.0071428571428571,0.0618556701030927,0.0238095238095237,-0.25,6.0,-1.0,6.0,2.0,-3.0,0.061855670102455,0.0779220779210659,-0.2499999999791666,99.0,11.0,1.7703541438256525,0.0,0.0,0.0,False,,False
Sikkim,2023,6.0,3.0,9.0,83.0,139.0,56.0,103.0,86.0,387.0,405.0,1.6746987951605457,0.674698795172594,0.0873786407758506,0.0291262135919502,0.8349514563025733,3.932038834913281,0.0,0.0,0.0,0.0,0.0,0.0,0.0,0.0,0.0,0.0,0.061855670102455,0.0779220779210659,-0.2499999999791666,101.0,10.0,1.7225264694930988,0.0,0.0,0.0,False,,False
Sikkim,2024,5.0,4.0,9.0,88.0,111.0,23.0,110.0,92.0,206.0,224.0,1.2613636363493026,0.2613636363606663,0.081818181817438,0.0363636363633057,0.8363636363560331,2.036363636345124,0.0602409638554217,-0.2014388489208632,0.0679611650485436,0.069767441860465,0.0,5.0,-28.0,7.0,6.0,0.0,0.1340206185553193,0.1428571428552875,-0.2499999999791666,105.33333333333331,9.0,1.5369204088901312,0.0,0.0,0.0,False,,False
Tamil Nadu,2015,1729.0,989.0,2718.0,4833.0,6074.0,1241.0,8110.0,5822.0,4923.0,7211.0,1.2567763294017675,0.2567763294019746,0.3351418002465677,0.121948212083832,0.717879161528888,0.8891491985202356,,,,,,,,,,,0.0,0.0,0.0,8110.0,2718.0,1.2567763294017675,0.0,0.0,0.0,False,,False
Tamil Nadu,2016,1848.0,1361.0,3208.0,4347.0,5129.0,782.0,8110.0,5708.0,4923.0,7325.0,1.1798941798939084,0.1798941798941385,0.3955610357582743,0.1678175092478214,0.7038224414302461,0.9032059186188774,-0.1005586592178771,-0.155581165623971,0.0,-0.0195809000343524,0.1802796173657102,-486.0,-945.0,0.0,-114.0,490.0,0.0,-0.1005586592178562,0.1802796173656437,8110.0,2963.0,1.218335254647838,0.0,0.0,0.0,False,,False
Tamil Nadu,2017,1933.0,992.0,2925.0,4639.0,5730.0,1091.0,8110.0,5630.0,4923.0,7403.0,1.2351799956884597,0.2351799956886753,0.360665844636207,0.1223181257706384,0.6942046855732806,0.912823674475843,0.0671727628249367,0.1171768375901736,0.0,-0.0136650315346881,-0.088216957605985,292.0,601.0,0.0,-78.0,-283.0,0.0,-0.0401406993585681,0.0761589403973229,8110.0,2950.333333333333,1.2239501683280452,0.0,0.0,0.0,False,,False
Tamil Nadu,2018,1931.0,1047.0,2978.0,4582.0,5672.0,1090.0,8109.0,5630.0,4924.0,7403.0,1.2378873854209431,0.2378873854211615,0.3672462695769679,0.1291157972622852,0.6942902947341603,0.9129362436797492,-0.0122871308471653,-0.0101221640488655,-0.0001233045622688,0.0,0.0181196581196581,-57.0,-58.0,-1.0,0.0,53.0,-0.0001233045622687,-0.0519346161804154,0.0956585724797293,8109.666666666667,3037.0,1.2176538536677703,0.0,0.0,0.0,False,,False
Tamil Nadu,2019,1906.0,920.0,2827.0,4738.0,5942.0,1204.0,8108.0,5659.0,4925.0,7374.0,1.254115660616029,0.2541156606162401,0.3486679822397202,0.1134681795757136,0.6979526393684388,0.909472126294905,0.0340462680052378,0.0476022566995768,-0.0001233197681588,0.0051509769094137,-0.0507051712558764,156.0,270.0,-1.0,29.0,-151.0,-0.0002466091245375,-0.0196565280364122,0.0401030169241942,8109.0,2910.0,1.2423943472418106,0.0,0.0,0.0,False,,False
Tamil Nadu,2020,1865.0,893.0,2758.0,4833.0,6156.0,1322.0,8106.0,5726.0,4927.0,7307.0,1.273743016759513,0.273536105938284,0.3402417962003034,0.1101653096471613,0.706390328151899,0.901431038736627,0.0200506542845082,0.0360148098283406,-0.0002466699555994,0.0118395476232548,-0.0244074991156703,95.0,214.0,-2.0,67.0,-69.0,-0.0004932182490751,0.0,0.0147167034584198,8107.666666666667,2854.333333333333,1.2552486875988282,0.0,0.0,0.0,False,,False
Tamil Nadu,2021,1864.0,800.0,2664.0,4909.0,6348.0,1439.0,8105.0,5709.0,4928.0,7324.0,1.2931350580563672,0.2931350580565709,0.3286859962985405,0.0987045033929551,0.704380012337976,0.903639728562504,0.0157252224291331,0.0311890838206627,-0.0001233654083394,-0.0029689137268599,-0.034082668600435,76.0,192.0,-1.0,-17.0,-94.0,-0.0006165228113439,0.0157252224291297,-0.0198675496688668,8106.333333333333,2749.6666666666665,1.273664578477303,0.0,0.0,0.0,False,,False
Tamil Nadu,2022,1905.0,858.0,2763.0,4838.0,6419.0,1582.0,8105.0,5695.0,4928.0,7338.0,1.3267879288959636,0.3269946258783945,0.3409006785934187,0.1058605798889443,0.7026526835285992,0.9053670573718808,-0.0144632308005703,0.011184625078765,0.0,-0.002452268348222,0.037162162162162,-71.0,71.0,0.0,-14.0,99.0,-0.0006165228113439,0.0010345541071795,0.0165562913907223,8105.333333333333,2728.333333333333,1.297888667903948,0.0,0.0,0.0,False,,False
Tamil Nadu,2023,1866.0,961.0,2827.0,4756.0,6117.0,1360.0,8104.0,5718.0,4929.0,7316.0,1.286164844406794,0.2859545836837077,0.3488400789733034,0.1185834155972213,0.7055774925961616,0.9027640671272332,-0.0169491525423728,-0.0470478267642935,-0.0001233806292412,0.0040386303775241,0.0231632283749547,-82.0,-302.0,-1.0,23.0,64.0,-0.0007398273736127,-0.0159321332505657,0.0401030169241942,8104.666666666667,2751.333333333333,1.3020292771197084,0.0,0.0,0.0,False,,False
Tamil Nadu,2024,1899.0,856.0,2755.0,4827.0,6225.0,1399.0,8104.0,5683.0,4929.0,7351.0,1.2896208825354691,0.2898280505489352,0.3399555774925543,0.1056268509377954,0.7012586377096863,0.9070829220137084,0.0149285113540791,0.0176557135850907,0.0,-0.0061210213361314,-0.0254686947293951,71.0,108.0,0.0,-35.0,-72.0,-0.0007398273736127,-0.0012414649286155,0.0136129506990384,8104.333333333333,2781.6666666666665,1.3008578852794088,0.0,0.0,0.0,False,,False
Telangana,2015,822.0,1578.0,2400.0,4175.0,4893.0,719.0,6870.0,5753.0,4338.0,5455.0,1.1719760479039107,0.1722155688622342,0.349344978165888,0.2296943231440713,0.8374090247451473,0.7940320232895496,,,,,,,,,,,0.0,0.0,0.0,6870.0,2400.0,1.1719760479039107,0.0,0.0,0.0,False,,False
Telangana,2016,669.0,1015.0,1684.0,4774.0,5970.0,1196.0,6752.0,5789.0,4456.0,5418.0,1.2505236698782465,0.2505236698784561,0.2494075829383516,0.150325829383864,0.8573755924169346,0.8024289099524877,0.1434730538922155,0.2201103617412629,-0.0171761280931587,0.0062576047279681,-0.2983333333333333,599.0,1077.0,-118.0,36.0,-716.0,-0.0171761280931561,0.1434730538921811,-0.298333333333209,6811.0,2042.0,1.2112498588910787,0.0,0.0,0.0,False,,False
Telangana,2017,662.0,916.0,1578.0,4898.0,6059.0,1161.0,6770.0,5814.0,4438.0,5394.0,1.237035524703708,0.2370355247039124,0.2330871491875578,0.1353028064992414,0.8587887740028273,0.7967503692761009,0.0259740259740259,0.0149078726968174,0.0026658767772511,0.004318535152876,-0.0629453681710213,124.0,89.0,18.0,25.0,-106.0,-0.014556040756912,0.1731736526945692,-0.3424999999998573,6797.333333333333,1887.3333333333333,1.2198450808286216,0.0,0.0,0.0,False,,False
Telangana,2018,751.0,1064.0,1815.0,4660.0,5774.0,1115.0,6767.0,5724.0,4441.0,5484.0,1.2390557939911504,0.239270386266043,0.2682133885029897,0.157233633811119,0.8458696615928999,0.810403428402422,-0.0485912617394854,-0.0470374649282059,-0.0004431314623338,-0.0154798761609906,0.1501901140684409,-238.0,-285.0,-3.0,-90.0,237.0,-0.0149927219796193,0.1161676646706308,-0.2437499999998984,6763.0,1692.3333333333333,1.2422049961910349,0.0,0.0,0.0,False,,False
Telangana,2019,566.0,444.0,1010.0,5500.0,7479.0,1978.0,6785.0,5944.0,4423.0,5263.0,1.3598181818179345,0.3596363636362982,0.1488577745025572,0.0654384672070647,0.8760501105378222,0.7756816506999593,0.1802575107296138,0.2952892275718739,0.0026599674892862,0.0384346610761705,-0.4435261707988981,840.0,1705.0,18.0,220.0,-805.0,-0.0123726346433751,0.3173652694610018,-0.5791666666664254,6774.0,1467.6666666666667,1.278636500170931,0.0,0.0,0.0,False,,False
Telangana,2020,379.0,210.0,589.0,5927.0,8479.0,2553.0,6717.0,6137.0,4491.0,5071.0,1.43057195883222,0.4307406782519941,0.0876879559326949,0.0312639571237112,0.9136519279438864,0.7549501265444759,0.0776363636363637,0.1337077149351517,-0.0100221075902726,0.0324697173620458,-0.4168316831683168,427.0,1000.0,-68.0,193.0,-421.0,-0.0222707423580753,0.4196407185627737,-0.754583333333019,6756.333333333333,1138.0,1.3431486448804353,0.0,0.0,0.0,False,,False
Telangana,2021,344.0,553.0,896.0,5625.0,8026.0,2401.0,6715.0,6178.0,4493.0,5030.0,1.4268444444441906,0.4268444444443685,0.1334326135517299,0.0823529411764583,0.9200297840653878,0.7490692479522338,-0.0509532647207693,-0.0534261115697606,-0.0002977519726068,0.0066807886589539,0.5212224108658743,-302.0,-453.0,-2.0,41.0,307.0,-0.0225618631732136,0.3473053892214736,-0.6266666666664056,6739.0,831.6666666666666,1.405744861698115,0.0,0.0,0.0,False,,False
Telangana,2022,315.0,333.0,648.0,5897.0,9278.0,3382.0,6735.0,6230.0,4473.0,4978.0,1.5733423774798077,0.5735119552313763,0.0962138084632373,0.0494432071269414,0.9250185597622976,0.7391239792129563,0.0483555555555554,0.155993022676302,0.0029784065524944,0.008416963418582,-0.2767857142857143,272.0,1252.0,20.0,52.0,-248.0,-0.0196506550218312,0.4124550898202604,-0.7299999999996958,6722.333333333333,711.0,1.476919593585406,0.0,0.0,0.0,False,,False
Telangana,2023,283.0,692.0,975.0,5564.0,8486.0,2921.0,6728.0,6256.0,4480.0,4951.0,1.5251617541334426,0.5249820273183815,0.1449167657550319,0.1028537455410073,0.9298454221163897,0.7358799048750392,-0.0564693912158724,-0.0853632248329381,-0.0010393466963622,0.0041733547351525,0.5046296296296295,-333.0,-792.0,-7.0,26.0,327.0,-0.020669577874815,0.3326946107783634,-0.5937499999997526,6726.0,839.6666666666666,1.5084495253524803,0.0,0.0,0.0,False,,False
Telangana,2024,291.0,631.0,922.0,5618.0,8931.0,3313.0,6728.0,6249.0,4480.0,4959.0,1.5897116411531522,0.5897116411533304,0.1370392390011686,0.0937871581450514,0.9288049940545586,0.7370689655171317,0.009705248023005,0.0524393118076833,0.0,-0.0011189258312021,-0.0543589743589744,54.0,445.0,0.0,-7.0,-53.0,-0.020669577874815,0.3456287425148872,-0.6158333333330768,6730.333333333333,848.3333333333334,1.562738590922134,0.0,0.0,0.0,False,,False
Tripura,2015,2.0,1.0,3.0,255.0,486.0,230.0,272.0,257.0,777.0,793.0,1.9058823529337023,0.9019607843101884,0.0110294117646653,0.0036764705882217,0.9448529411729968,2.9154411764598698,,,,,,,,,,,0.0,0.0,0.0,272.0,3.0,1.9058823529337023,0.0,0.0,0.0,False,,False
Tripura,2016,2.0,1.0,2.0,255.0,491.0,235.0,271.0,256.0,778.0,793.0,1.9254901960708808,0.9215686274473665,0.0073800738007107,0.0036900369003553,0.9446494464909791,2.9261992619818225,0.0,0.0102880658436212,-0.0036764705882352,-0.0038910505836575,-0.3333333333333333,0.0,5.0,-1.0,-1.0,-1.0,-0.0036764705882217,0.0,-0.3333333332222222,271.5,2.5,1.915686274502292,0.0,0.0,0.0,False,,False
Tripura,2017,2.0,1.0,2.0,255.0,487.0,232.0,271.0,256.0,778.0,793.0,1.9098039215611384,0.9098039215650596,0.0073800738007107,0.0036900369003553,0.9446494464909791,2.9261992619818225,0.0,-0.0081466395112016,0.0,0.0,0.0,0.0,-4.0,0.0,0.0,0.0,-0.0036764705882217,0.0,-0.3333333332222222,271.3333333333333,2.333333333333333,1.9137254901885736,0.0,0.0,0.0,False,,False
Tripura,2018,1.0,1.0,2.0,256.0,487.0,231.0,270.0,257.0,779.0,793.0,1.902343749992569,0.9023437499964752,0.0074074074073799,0.0037037037036899,0.9518518518483264,2.937037037026159,0.0039215686274509,0.0,-0.0036900369003689,0.00390625,0.0,1.0,0.0,-1.0,1.0,0.0,-0.0073529411764435,0.0039215686274356,-0.3333333332222222,270.6666666666667,2.0,1.9125459558748623,0.0,0.0,0.0,False,,False
Tripura,2019,1.0,1.0,2.0,255.0,487.0,232.0,270.0,256.0,779.0,793.0,1.9098039215611384,0.9098039215650596,0.0074074074073799,0.0037037037036899,0.9481481481446364,2.937037037026159,-0.00390625,0.0,0.0,-0.0038910505836575,0.0,-1.0,0.0,0.0,-1.0,0.0,-0.0073529411764435,0.0,-0.3333333332222222,270.3333333333333,2.0,1.9073171977049483,0.0,0.0,0.0,False,,False
Tripura,2020,1.0,1.0,2.0,255.0,487.0,232.0,270.0,256.0,779.0,793.0,1.9098039215611384,0.9098039215650596,0.0074074074073799,0.0037037037036899,0.9481481481446364,2.937037037026159,0.0,0.0,0.0,0.0,0.0,0.0,0.0,0.0,0.0,0.0,-0.0073529411764435,0.0,-0.3333333332222222,270.0,2.0,1.9073171977049483,0.0,0.0,0.0,False,,False
Tripura,2021,1.0,1.0,2.0,255.0,487.0,231.0,270.0,256.0,779.0,793.0,1.9098039215611384,0.905882352937624,0.0074074074073799,0.0037037037036899,0.9481481481446364,2.937037037026159,0.0,0.0,0.0,0.0,0.0,0.0,0.0,0.0,0.0,0.0,-0.0073529411764435,0.0,-0.3333333332222222,270.0,2.0,1.9098039215611384,0.0,0.0,0.0,False,,False
Tripura,2022,1.0,1.0,2.0,255.0,485.0,230.0,269.0,256.0,780.0,794.0,1.901960784306267,0.9019607843101884,0.0074349442378905,0.0037174721189452,0.9516728624499938,2.951672862442559,0.0,-0.0041067761806981,-0.0037037037037036,0.0,0.0,0.0,-2.0,-1.0,0.0,0.0,-0.0110294117646653,0.0,-0.3333333332222222,269.6666666666667,2.0,1.907189542476181,0.0,0.0,0.0,False,,False
Tripura,2023,1.0,1.0,2.0,255.0,483.0,228.0,269.0,256.0,780.0,794.0,1.894117647051396,0.8941176470553173,0.0074349442378905,0.0037174721189452,0.9516728624499938,2.951672862442559,0.0,-0.0041237113402061,0.0,0.0,0.0,0.0,-2.0,0.0,0.0,0.0,-0.0110294117646653,0.0,-0.3333333332222222,269.3333333333333,2.0,1.901960784306267,0.0,0.0,0.0,False,,False
Tripura,2024,1.0,1.0,2.0,253.0,479.0,226.0,267.0,254.0,782.0,796.0,1.893280632403584,0.8932806324075365,0.0074906367040917,0.0037453183520458,0.951310861419658,2.981273408228535,-0.0078431372549019,-0.0082815734989648,-0.0074349442379182,-0.0078125,0.0,-2.0,-4.0,-2.0,-2.0,0.0,-0.0183823529411088,-0.0078431372548712,-0.3333333332222222,268.3333333333333,2.0,1.896453021253749,0.0,0.0,0.0,False,,False
Uttar Pradesh,2015,547.0,1161.0,1708.0,16469.0,26203.0,9734.0,18863.0,17630.0,5307.0,6541.0,1.5910498512355582,0.5910498512356189,0.0905476329321905,0.0615490643057805,0.934633939458149,0.3467635052748583,,,,,,,,,,,0.0,0.0,0.0,18863.0,1708.0,1.5910498512355582,0.0,0.0,0.0,False,,False
Uttar Pradesh,2016,520.0,1090.0,1610.0,16564.0,26949.0,10385.0,18848.0,17654.0,5323.0,6516.0,1.6269620864524494,0.6269620864525098,0.0854202037351397,0.0578310696095045,0.9366511035653152,0.345713073005075,0.0057684133827189,0.0284700225165057,-0.0007952075491702,0.0013613159387408,-0.0573770491803278,95.0,746.0,-15.0,24.0,-98.0,-0.0007952075491702,0.0057684133827186,-0.0573770491802942,18855.5,1659.0,1.609005968844004,0.0,0.0,0.0,False,,False
Uttar Pradesh,2017,552.0,1061.0,1613.0,16542.0,26864.0,10322.0,18826.0,17602.0,5344.0,6568.0,1.6239874259459783,0.623987425946039,0.0856793795814253,0.0563582279825742,0.93498353341119,0.348879209603721,-0.0013281815986476,-0.003154105903744,-0.001167232597623,-0.0029455081001472,0.001863354037267,-22.0,-85.0,-22.0,-52.0,3.0,-0.00196151195462,0.0044325702835627,-0.0556206088992648,18845.666666666668,1643.6666666666667,1.6139997878779957,0.0,0.0,0.0,False,,False
Uttar Pradesh,2018,594.0,987.0,1581.0,16538.0,26859.0,10321.0,18775.0,17524.0,5395.0,6646.0,1.6240778812430992,0.6240778812431598,0.0842077230359475,0.0525699067909426,0.9333688415445576,0.3539813581890623,-0.0002418087292951,-0.0001861226920786,-0.0027090194411983,-0.0044313146233382,-0.0198388096714197,-4.0,-5.0,-51.0,-78.0,-32.0,-0.004665217621799,0.0041896897200798,-0.0743559718969119,18816.33333333333,1601.3333333333333,1.6250091312138422,0.0,0.0,0.0,False,,False
Uttar Pradesh,2019,618.0,992.0,1610.0,16368.0,27109.0,10741.0,18614.0,17360.0,5557.0,6811.0,1.656219452590319,0.6562194525903802,0.0864940367465302,0.0532932201568683,0.9326313527451954,0.3659073815407561,-0.0102793566332083,0.0093078670091961,-0.0085752330226365,-0.0093585939283268,0.0183428209993674,-170.0,250.0,-161.0,-164.0,29.0,-0.0132004453162268,-0.006132734227943,-0.0573770491802942,18738.33333333333,1601.3333333333333,1.6347615865931322,0.0,0.0,0.0,False,,False
Uttar Pradesh,2020,618.0,992.0,1610.0,16368.0,27109.0,10741.0,18614.0,17360.0,5557.0,6811.0,1.656219452590319,0.6562194525903802,0.0864940367465302,0.0532932201568683,0.9326313527451954,0.3659073815407561,0.0,0.0,0.0,0.0,0.0,0.0,0.0,0.0,0.0,0.0,-0.0132004453162268,-0.006132734227943,-0.0573770491802942,18667.666666666668,1600.3333333333333,1.6455055954745792,0.0,0.0,0.0,False,,False
Uttar Pradesh,2021,596.0,966.0,1562.0,16096.0,28200.0,12104.0,18264.0,17062.0,5250.0,6451.0,1.7519880715704677,0.7519880715705298,0.0855234340779629,0.0528909329829143,0.9341874726236896,0.3532084975908698,-0.0166177908113391,0.0402449371057582,-0.0188030514666379,-0.0171658986175115,-0.0298136645962733,-272.0,1091.0,-350.0,-298.0,-48.0,-0.0317552881302003,-0.0226486125447797,-0.0854800936767649,18497.33333333333,1594.0,1.688142325583702,0.0,0.0,0.0,False,,False
Uttar Pradesh,2022,591.0,920.0,1512.0,16121.0,28237.0,12116.0,18227.0,17041.0,5288.0,6474.0,1.751566280007335,0.7515662800073971,0.0829538596587434,0.050474570691828,0.9349316947385232,0.355187359411842,0.0015531809145128,0.0013120567375886,-0.0020258431887867,-0.0012308052983237,-0.0320102432778489,25.0,37.0,-37.0,-21.0,-50.0,-0.0337168000848203,-0.0211306090230116,-0.1147540983605885,18368.33333333333,1561.3333333333333,1.719924601389374,0.0,0.0,0.0,False,,False
Uttar Pradesh,2023,534.0,821.0,1355.0,16365.0,29783.0,13418.0,18237.0,17187.0,5854.0,6904.0,1.819920562175263,0.8199205621753242,0.0742995010144171,0.0450183692493258,0.9424247409112824,0.3785710369029786,0.0151355374976738,0.0547508588022807,0.0005486366379547,0.0085675723255678,-0.1038359788359788,244.0,1546.0,10.0,146.0,-157.0,-0.0331866617187068,-0.0063148946505552,-0.2066744730677946,18242.666666666668,1476.3333333333333,1.7744916379176885,0.0,0.0,0.0,False,,False
Uttar Pradesh,2024,441.0,719.0,1160.0,16684.0,32311.0,15627.0,18321.0,17403.0,5772.0,6690.0,1.9366458882760769,0.9366458882761366,0.0633153212160873,0.0392445827192817,0.949893564761697,0.3651547404617452,0.0194928200427741,0.0848806366047745,0.0046060207270932,0.0125676383312969,-0.1439114391143912,319.0,2528.0,84.0,216.0,-195.0,-0.0287334994433531,0.0130548302872054,-0.3208430913347068,18261.666666666668,1342.3333333333333,1.836044243486225,0.0,0.0,0.0,False,,False
Uttarakhand,2015,86.0,57.0,143.0,698.0,1083.0,384.0,1547.0,756.0,4445.0,5237.0,1.551575931229869,0.5501432664748566,0.0924369747898562,0.0368455074337189,0.488687782805114,3.385261797024315,,,,,,,,,,,0.0,0.0,0.0,1547.0,143.0,1.551575931229869,0.0,0.0,0.0,False,,False
Uttarakhand,2016,88.0,62.0,150.0,691.0,1082.0,391.0,1546.0,752.0,4447.0,5240.0,1.5658465991294273,0.5658465991308743,0.0970245795600924,0.0401034928848382,0.4864165588612636,3.389391979299231,-0.0100286532951289,-0.0009233610341643,-0.0006464124111182,-0.0052910052910053,0.0489510489510489,-7.0,-1.0,-1.0,-4.0,7.0,-0.0006464124111178,-0.0100286532951145,0.0489510489507066,1546.5,146.5,1.5587112651796482,0.0,0.0,0.0,False,,False
Uttarakhand,2017,86.0,73.0,160.0,673.0,1060.0,386.0,1550.0,746.0,4455.0,5258.0,1.5750371471001856,0.5735512630006336,0.1032258064515463,0.047096774193518,0.4812903225803346,3.3922580645139404,-0.0260492040520984,-0.0203327171903882,0.0025873221216041,-0.0079787234042553,0.0666666666666666,-18.0,-22.0,4.0,-6.0,10.0,0.0019392372333536,-0.0358166189111234,0.1188811188802875,1547.6666666666667,151.0,1.5641532258198272,0.0,0.0,0.0,False,,False
Uttarakhand,2018,89.0,88.0,177.0,648.0,1029.0,381.0,1548.0,736.0,4454.0,5266.0,1.5879629629605123,0.5879629629620556,0.1143410852712439,0.0568475452196015,0.4754521963821218,3.401808785527518,-0.0371471025260029,-0.0292452830188679,-0.0012903225806452,-0.0134048257372654,0.1062499999999999,-25.0,-31.0,-2.0,-10.0,17.0,0.0006464124111178,-0.0716332378222469,0.2377622377605751,1548.0,162.33333333333334,1.5762822363967084,0.0,0.0,0.0,False,,False
Uttarakhand,2019,90.0,93.0,183.0,638.0,1024.0,386.0,1545.0,731.0,4456.0,5271.0,1.6050156739786756,0.6050156739802429,0.1184466019416709,0.0601941747572425,0.4731391585757455,3.411650485434685,-0.015432098765432,-0.0048590864917396,-0.001937984496124,-0.0067934782608695,0.0338983050847456,-10.0,-5.0,-3.0,-5.0,6.0,-0.0012928248222357,-0.0859598853866963,0.2797202797183236,1547.6666666666667,173.33333333333334,1.589338594679791,0.0,0.0,0.0,False,,False
Uttarakhand,2020,100.0,92.0,191.0,621.0,997.0,376.0,1544.0,712.0,4457.0,5289.0,1.6054750402550635,0.605475040256674,0.1237046632123551,0.0595854922279406,0.4611398963727583,3.4255181347128074,-0.0266457680250783,-0.0263671875,-0.0006472491909385,-0.0259917920656634,0.0437158469945355,-17.0,-27.0,-1.0,-19.0,8.0,-0.0019392372333536,-0.1103151862462603,0.3356643356619884,1545.6666666666667,183.66666666666663,1.5994845590647506,0.0,0.0,0.0,False,,False
Uttarakhand,2021,108.0,97.0,205.0,594.0,969.0,376.0,1541.0,691.0,4460.0,5310.0,1.631313131310385,0.6329966329955674,0.133030499675449,0.0629461388708222,0.4484101232962696,3.445814406227485,-0.0434782608695651,-0.0280842527582748,-0.0019430051813471,-0.0294943820224719,0.0732984293193717,-27.0,-28.0,-3.0,-21.0,14.0,-0.0038784744667072,-0.1489971346702736,0.4335664335634017,1543.3333333333333,193.0,1.6139346151813747,0.0,0.0,0.0,False,,False
Uttarakhand,2022,152.0,64.0,216.0,568.0,932.0,364.0,1540.0,633.0,4461.0,5369.0,1.6408450704196464,0.6408450704214069,0.1402597402596491,0.0415584415584145,0.4110389610386941,3.4863636363613724,-0.0437710437710437,-0.0381836945304437,-0.0006489292667098,-0.0839363241678726,0.0536585365853659,-26.0,-37.0,-1.0,-58.0,11.0,-0.0045248868778251,-0.186246418337842,0.5104895104859407,1541.6666666666667,204.0,1.6258777473283652,0.0,0.0,0.0,False,,False
Uttarakhand,2023,160.0,47.0,207.0,551.0,907.0,356.0,1564.0,598.0,4438.0,5404.0,1.6460980036267767,0.6460980036285915,0.1323529411763859,0.0300511508951214,0.3823529411762261,3.455242966749709,-0.0299295774647887,-0.0268240343347639,0.0155844155844155,-0.0552922590837282,-0.0416666666666666,-17.0,-25.0,24.0,-35.0,-9.0,0.0109890109890038,-0.210601719197406,0.4475524475493178,1548.3333333333333,209.33333333333331,1.6394187351189362,0.0,0.0,0.0,False,,False
Uttarakhand,2024,165.0,43.0,208.0,527.0,851.0,323.0,1562.0,570.0,4441.0,5432.0,1.6148007590102187,0.6129032258052887,0.1331626120357662,0.0275288092189324,0.364916773367244,3.4775928297032794,-0.043557168784029,-0.061742006615215,-0.0012787723785165,-0.0468227424749163,0.0048309178743961,-24.0,-56.0,-2.0,-28.0,1.0,0.0096961861667681,-0.2449856733520845,0.4545454545422759,1555.3333333333333,210.33333333333331,1.6339146110188807,0.0,0.0,0.0,False,,False
West Bengal,2015,11.0,328.0,339.0,5243.0,9881.0,4638.0,5648.0,5571.0,3036.0,3113.0,1.884608048826648,0.8846080488268386,0.0600212464589128,0.0580736543909245,0.9863668555239046,0.5511685552406955,,,,,,,,,,,0.0,0.0,0.0,5648.0,339.0,1.884608048826648,2.0,4030.0,639.0,True,0,True
West Bengal,2016,10.0,313.0,322.0,5246.0,9618.0,4372.0,5633.0,5559.0,3052.0,3126.0,1.8333968738082664,0.8333968738084572,0.0571631457482589,0.0555654180720654,0.986863127995564,0.5549440795312347,0.0005721914934198,-0.0266167391964375,-0.0026558073654391,-0.0021540118470652,-0.0501474926253687,3.0,-263.0,-15.0,-12.0,-17.0,-0.0026558073654386,0.0005721914934196,-0.0501474926252208,5640.5,330.5,1.8590024613174567,0.0,0.0,0.0,False,1,True
West Bengal,2017,7.0,308.0,315.0,5247.0,9945.0,4698.0,5625.0,5555.0,3060.0,3129.0,1.8953687821608736,0.8953687821610643,0.05599999999999,0.0547555555555458,0.98755555555538,0.5562666666665678,0.0001906214258482,0.0339987523393636,-0.0014202023788389,-0.0007195538765965,-0.0217391304347825,1.0,327.0,-8.0,-4.0,-7.0,-0.0040722379603392,0.0007629219912262,-0.0707964601767823,5635.333333333333,325.3333333333333,1.8711245682652624,1.0,2017.0,0.0,True,,False
West Bengal,2018,6.0,301.0,307.0,5248.0,9960.0,4711.0,5615.0,5549.0,3069.0,3135.0,1.8978658536581747,0.8976753048778776,0.0546749777381915,0.0536064113980314,0.9882457702580608,0.5583259127336494,0.0001905850962453,0.0015082956259426,-0.0017777777777777,-0.001080108010801,-0.0253968253968254,1.0,15.0,-10.0,-6.0,-8.0,-0.0058427762039649,0.0009536524890328,-0.0943952802357097,5624.333333333333,314.6666666666667,1.8755438365424384,0.0,0.0,0.0,False,,False
West Bengal,2019,5.0,300.0,305.0,5250.0,10100.0,4850.0,5608.0,5550.0,3076.0,3134.0,1.9238095238091573,0.9238095238093478,0.054386590584869,0.053495007132658,0.9896576319541744,0.5588445078458347,0.0003810975609757,0.0140562248995983,-0.0012466607301869,0.000180212650928,-0.006514657980456,2.0,140.0,-7.0,1.0,-2.0,-0.0070821529745029,0.0013351134846459,-0.1002949852504416,5616.0,309.0,1.9056813865427351,0.0,0.0,0.0,False,,False
West Bengal,2020,6.0,259.0,265.0,5282.0,10207.0,4925.0,5602.0,5541.0,3082.0,3143.0,1.9324119651643443,0.9324119651645336,0.0473045340949576,0.0462334880399774,0.9891110317741896,0.5610496251337805,0.0060952380952381,0.0105940594059406,-0.0010699001426534,-0.0016216216216216,-0.1311475409836066,32.0,107.0,-6.0,-9.0,-40.0,-0.0081444759206784,0.0074384894144559,-0.2182890855450788,5608.333333333333,292.3333333333333,1.9180291142105588,0.0,0.0,0.0,False,,False
West Bengal,2021,6.0,254.0,260.0,5281.0,10259.0,4978.0,5595.0,5535.0,3089.0,3149.0,1.9426245029346825,0.9426245029348717,0.0464700625558451,0.045397676496864,0.9892761394100108,0.5628239499552166,-0.0001893222264294,0.0050945429607132,-0.0012495537308103,-0.0010828370330265,-0.0188679245283018,-1.0,52.0,-7.0,-6.0,-5.0,-0.0093838526912164,0.0072477589166493,-0.2330383480819084,5601.666666666667,276.6666666666667,1.932948663969395,0.0,0.0,0.0,False,,False
West Bengal,2022,6.0,314.0,320.0,5216.0,9974.0,4758.0,5589.0,5529.0,3095.0,3155.0,1.9121932515333755,0.9121932515335672,0.0572553229557958,0.0561817856503746,0.9892646269456092,0.5645016997672992,-0.0123082749479265,-0.0277804854274296,-0.0010723860589811,-0.0010840108401084,0.2307692307692308,-65.0,-285.0,-6.0,-6.0,60.0,-0.0104461756373919,-0.0051497234407771,-0.0560471976399526,5595.333333333333,281.6666666666667,1.9290765732108008,0.0,0.0,0.0,False,,False
West Bengal,2023,6.0,278.0,284.0,5245.0,10133.0,4887.0,5583.0,5524.0,3101.0,3161.0,1.931935176358068,0.9317445185889548,0.0508687085796075,0.0497940175532778,0.9894322049075784,0.5661830557047167,0.0055598159509202,0.0159414477641868,-0.0010735373054213,-0.0009043226623258,-0.1125,29.0,159.0,-6.0,-5.0,-36.0,-0.0115084985835673,0.0003814609956131,-0.1622418879051261,5589.0,288.0,1.9289176436087083,0.0,0.0,0.0,False,,False
West Bengal,2024,6.0,244.0,250.0,5274.0,10683.0,5410.0,5577.0,5518.0,3107.0,3166.0,2.025597269624189,1.0257868790290052,0.0448269679038829,0.0437511206741897,0.9894208355745042,0.5676887215347736,0.0055290753098189,0.0542781012533306,-0.0010746910263299,-0.001086169442433,-0.1197183098591548,29.0,550.0,-6.0,-6.0,-34.0,-0.0125708215297428,0.0059126454320034,-0.2625368731555677,5583.0,284.6666666666667,1.9565752325052108,0.0,0.0,0.0,False,,False
